init_node	term_node	demand
1	3	402.1
1	5	25.66
1	6	28.2
1	7	12.44
1	8	16.64
1	9	19.87
1	10	33.93
1	11	24.81
1	12	24.81
1	13	27.29
1	14	15.73
1	15	33.08
1	16	24.0
1	17	19.85
1	18	7.463
1	19	19.06
1	20	3.308
1	22	3.366
1	23	37.35
1	24	40.21
1	25	30.75
1	26	26.5
1	27	21.6
1	28	39.01
1	29	47.52
1	30	39.85
1	31	42.29
1	32	50.49
1	33	30.85
1	34	29.83
1	35	50.47
1	36	43.14
1	37	69.78
1	38	15.1
1	39	4.962
1	40	19.87
1	41	50.58
1	42	21.5
1	43	6.617
1	44	66.43
1	45	18.21
1	46	3.308
1	47	3.366
1	48	4.212
1	49	14.89
1	50	9.098
1	51	9.963
1	52	5.001
1	53	17.41
1	54	2.519
1	55	0.827
1	57	0.827
1	59	1.654
1	60	0.827
1	61	6.617
1	62	7.444
1	63	17.37
1	64	13.23
1	65	15.71
1	68	13.33
1	69	1.654
1	70	4.135
1	71	9.925
1	72	10.75
1	73	7.444
1	74	216.2
1	75	24.02
1	76	21.5
1	77	12.41
1	78	10.0
1	79	1.673
1	80	3.308
1	81	6.655
1	84	49.62
1	85	5.789
1	86	1.654
1	87	8.271
1	88	2.481
1	89	0.827
1	90	9.098
1	91	2.481
1	92	9.098
1	93	4.962
1	94	4.135
1	95	15.71
1	97	1.654
1	98	1.654
1	100	7.444
1	101	20.73
1	102	40.64
1	103	0.827
1	104	5.789
1	105	26.49
1	106	2.481
1	107	2.481
3	6	1.654
3	19	0.846
3	74	2.538
5	1	13.27
5	3	20.68
5	6	8.271
5	7	3.308
5	8	8.328
5	9	6.655
5	10	16.58
5	11	9.925
5	12	12.41
5	13	4.135
5	14	9.925
5	15	11.58
5	16	10.87
5	17	1.654
5	18	4.962
5	19	6.655
5	22	10.98
5	23	24.25
5	24	47.33
5	25	11.6
5	26	9.925
5	27	5.809
5	28	5.001
5	29	6.617
5	30	7.577
5	31	9.155
5	32	7.444
5	33	28.58
5	34	9.155
5	35	35.83
5	36	16.54
5	37	34.93
5	38	7.596
5	39	2.481
5	40	4.135
5	41	6.674
5	42	4.962
5	43	5.789
5	44	35.68
5	45	23.98
5	46	2.481
5	50	6.617
5	51	3.308
5	52	6.617
5	53	8.271
5	62	4.962
5	63	1.654
5	64	1.654
5	68	10.81
5	70	4.135
5	71	3.308
5	74	28.12
5	75	25.98
5	76	0.827
5	78	4.962
5	80	3.308
5	84	13.23
5	85	1.654
5	86	0.827
5	87	2.481
5	88	3.308
5	90	7.444
5	91	4.962
5	92	7.463
5	93	2.481
5	95	1.654
5	97	0.827
5	100	2.481
5	101	9.944
5	102	19.08
5	103	0.827
5	104	0.827
5	105	4.135
5	106	4.962
5	107	1.654
6	1	54.62
6	3	75.26
6	5	20.87
6	7	38.2
6	8	43.41
6	9	32.35
6	10	28.16
6	11	79.46
6	12	36.45
6	13	52.95
6	14	21.5
6	15	64.55
6	16	52.22
6	17	27.31
6	18	29.06
6	19	25.7
6	20	3.308
6	21	4.962
6	22	4.193
6	23	61.81
6	24	84.45
6	25	30.75
6	26	14.06
6	27	26.64
6	28	43.08
6	29	46.43
6	30	21.66
6	31	77.2
6	32	34.04
6	33	36.62
6	34	69.09
6	35	132.7
6	36	73.76
6	37	88.9
6	38	29.06
6	39	4.962
6	40	19.87
6	41	43.03
6	42	34.76
6	43	33.14
6	44	115.6
6	45	62.95
6	46	0.827
6	47	1.654
6	48	4.135
6	49	4.962
6	50	11.66
6	51	17.37
6	52	19.02
6	53	20.71
6	55	4.135
6	56	2.481
6	57	2.481
6	58	4.135
6	60	8.271
6	61	5.789
6	62	12.41
6	63	7.444
6	64	7.501
6	65	9.925
6	66	0.827
6	68	13.33
6	69	0.827
6	70	19.98
6	71	19.02
6	72	16.54
6	73	1.654
6	74	150.6
6	75	45.6
6	76	23.98
6	77	19.04
6	78	14.89
6	79	1.654
6	80	5.789
6	81	3.308
6	84	36.39
6	85	5.789
6	87	7.444
6	88	6.617
6	89	0.827
6	90	17.37
6	91	4.962
6	92	24.81
6	93	13.23
6	94	13.29
6	95	11.58
6	97	4.962
6	98	5.789
6	99	0.827
6	100	14.89
6	101	50.45
6	102	70.4
6	103	3.327
6	104	1.654
6	105	23.16
6	106	7.444
6	107	1.654
7	1	49.68
7	3	85.19
7	5	9.982
7	6	43.22
7	8	23.27
7	9	26.68
7	10	20.68
7	11	47.16
7	12	15.71
7	13	21.5
7	14	21.52
7	15	30.64
7	16	38.89
7	17	25.68
7	18	21.54
7	19	10.77
7	20	2.481
7	22	0.827
7	23	26.56
7	24	21.68
7	25	14.93
7	26	15.71
7	27	13.23
7	28	15.71
7	29	25.64
7	30	19.95
7	31	64.53
7	32	26.52
7	33	26.64
7	34	26.5
7	35	54.62
7	36	44.87
7	37	58.82
7	38	13.35
7	39	5.789
7	40	10.75
7	41	20.71
7	42	19.02
7	43	12.41
7	44	56.32
7	45	15.71
7	46	0.827
7	47	3.308
7	48	0.827
7	49	1.654
7	50	1.692
7	51	12.41
7	52	4.962
7	53	9.925
7	54	1.654
7	55	1.654
7	57	0.827
7	58	1.654
7	59	1.654
7	60	7.444
7	61	6.617
7	62	5.789
7	63	4.135
7	64	4.962
7	65	22.33
7	66	0.827
7	68	15.04
7	70	7.444
7	71	19.02
7	72	20.68
7	73	7.444
7	74	108.4
7	75	19.02
7	76	9.925
7	77	11.58
7	78	4.135
7	79	3.308
7	81	4.962
7	83	0.827
7	84	25.64
7	85	4.135
7	86	0.827
7	87	10.75
7	89	0.827
7	90	5.789
7	91	5.789
7	92	13.23
7	93	13.23
7	94	7.444
7	95	10.75
7	96	0.827
7	97	4.135
7	98	1.654
7	100	10.75
7	101	28.12
7	102	36.43
7	103	0.827
7	105	15.71
7	106	2.481
8	1	29.02
8	3	57.89
8	5	4.154
8	6	16.62
8	7	8.271
8	9	8.271
8	10	9.944
8	11	35.68
8	12	9.098
8	13	31.43
8	14	10.75
8	15	28.97
8	16	32.29
8	17	27.29
8	18	13.27
8	19	7.463
8	20	4.135
8	21	0.827
8	22	0.827
8	23	15.83
8	24	19.25
8	25	8.29
8	26	5.789
8	27	13.23
8	28	25.64
8	29	23.2
8	30	9.925
8	31	44.78
8	32	18.33
8	33	14.19
8	34	38.95
8	35	41.45
8	36	39.04
8	37	40.81
8	38	14.08
8	39	8.271
8	40	9.944
8	41	26.47
8	42	27.33
8	43	11.62
8	44	61.45
8	45	21.5
8	46	7.444
8	48	0.827
8	49	13.33
8	50	5.828
8	51	14.06
8	52	10.75
8	53	12.41
8	58	4.962
8	59	5.789
8	60	1.654
8	61	10.75
8	62	11.58
8	63	8.271
8	64	7.482
8	65	9.925
8	68	4.135
8	69	1.654
8	70	6.617
8	71	19.02
8	72	20.68
8	74	63.72
8	75	17.37
8	76	8.271
8	77	11.58
8	78	9.925
8	79	0.827
8	80	1.654
8	81	0.827
8	82	0.827
8	83	0.827
8	84	18.2
8	85	5.789
8	87	4.962
8	88	6.617
8	90	4.962
8	91	7.444
8	92	18.2
8	93	13.23
8	94	2.481
8	95	1.654
8	96	3.308
8	97	4.135
8	98	4.135
8	100	18.29
8	101	31.43
8	102	44.7
8	103	1.654
8	104	2.481
8	105	18.25
8	106	1.654
8	107	1.654
9	1	11.58
9	3	42.2
9	5	8.29
9	6	14.14
9	7	12.52
9	8	7.501
9	10	6.617
9	11	14.1
9	12	7.444
9	13	33.93
9	14	27.29
9	15	5.828
9	16	15.73
9	17	5.789
9	18	3.308
9	19	4.962
9	20	2.481
9	21	0.827
9	22	0.827
9	23	6.617
9	24	5.058
9	25	3.308
9	26	2.481
9	27	4.154
9	28	4.962
9	29	1.654
9	30	4.135
9	31	17.37
9	32	12.43
9	33	5.809
9	34	9.925
9	35	22.33
9	36	7.482
9	37	15.81
9	38	5.828
9	39	5.828
9	40	3.308
9	41	6.655
9	42	9.098
9	43	7.444
9	44	22.33
9	45	11.58
9	46	1.654
9	50	1.654
9	51	9.925
9	52	1.654
9	53	5.789
9	55	1.654
9	62	1.654
9	63	4.135
9	64	4.962
9	65	5.789
9	66	1.654
9	68	3.308
9	70	5.923
9	71	3.308
9	72	2.481
9	73	1.654
9	74	41.35
9	75	4.135
9	76	4.962
9	77	2.481
9	78	1.654
9	80	0.827
9	81	0.827
9	83	0.827
9	84	14.06
9	87	5.789
9	91	0.827
9	92	7.444
9	93	9.098
9	94	0.827
9	95	2.481
9	98	1.654
9	100	2.481
9	101	4.962
9	102	24.16
9	103	0.827
9	104	1.654
9	105	2.481
9	107	1.654
10	1	1.654
10	3	6.617
10	5	1.654
10	6	2.481
10	7	0.827
10	8	3.308
10	9	1.654
10	11	3.308
10	12	3.308
10	13	4.135
10	14	3.308
10	15	12.54
10	16	3.327
10	17	2.481
10	18	4.154
10	19	5.02
10	23	0.827
10	24	3.308
10	25	4.962
10	27	0.827
10	28	5.789
10	29	0.846
10	30	0.827
10	31	4.962
10	32	1.654
10	33	8.423
10	34	9.982
10	35	6.617
10	36	3.327
10	37	5.02
10	38	1.654
10	39	1.654
10	40	0.827
10	41	4.135
10	42	5.789
10	43	1.654
10	44	14.1
10	45	6.655
10	47	0.827
10	48	4.174
10	49	1.654
10	51	2.481
10	52	2.481
10	53	2.481
10	54	2.481
10	63	2.481
10	64	4.135
10	65	4.962
10	67	2.481
10	68	2.481
10	71	4.135
10	72	9.098
10	73	1.654
10	74	10.75
10	75	4.962
10	76	0.827
10	78	0.827
10	79	0.827
10	81	3.308
10	84	6.617
10	87	1.654
10	89	0.827
10	91	1.654
10	92	0.827
10	93	4.962
10	98	3.308
10	100	4.962
10	101	7.444
10	102	4.962
10	105	2.481
11	1	14.06
11	3	29.79
11	5	0.846
11	6	11.58
11	7	3.346
11	8	5.828
11	9	5.789
11	10	10.77
11	12	6.636
11	13	6.693
11	14	5.809
11	15	12.41
11	16	17.39
11	17	10.75
11	18	11.62
11	19	2.481
11	20	0.827
11	21	1.654
11	22	0.827
11	23	10.79
11	24	9.155
11	25	2.481
11	26	4.154
11	27	2.481
11	28	9.117
11	29	8.271
11	30	3.308
11	31	4.135
11	32	8.29
11	33	18.44
11	34	12.41
11	35	16.56
11	36	23.2
11	37	15.73
11	38	3.308
11	39	1.654
11	40	4.135
11	41	8.271
11	42	12.41
11	43	5.789
11	44	24.87
11	45	4.962
11	46	2.538
11	48	0.827
11	49	0.827
11	50	1.654
11	51	7.444
11	52	1.654
11	53	13.23
11	55	4.962
11	56	0.827
11	57	2.481
11	59	4.135
11	61	1.654
11	62	3.308
11	63	2.481
11	64	4.135
11	65	8.366
11	66	3.308
11	68	0.846
11	70	5.001
11	71	8.271
11	72	1.654
11	73	9.963
11	74	33.93
11	75	13.29
11	76	1.654
11	77	3.308
11	78	7.444
11	79	1.654
11	81	0.827
11	84	5.789
11	87	2.481
11	88	1.654
11	90	7.444
11	91	4.135
11	92	14.08
11	93	4.135
11	94	0.827
11	95	1.654
11	97	0.827
11	98	3.327
11	100	4.962
11	101	7.444
11	102	19.85
11	103	0.827
11	104	1.654
11	105	3.308
11	106	1.654
12	1	12.41
12	3	45.49
12	5	2.481
12	6	4.154
12	7	2.481
12	8	4.154
12	9	2.481
12	10	4.962
12	11	4.962
12	13	12.43
12	14	6.636
12	15	28.99
12	16	19.89
12	17	9.925
12	18	9.117
12	19	9.982
12	20	2.481
12	23	7.444
12	24	10.0
12	25	7.482
12	26	2.481
12	27	1.654
12	28	9.925
12	29	8.271
12	30	5.789
12	31	6.636
12	32	18.25
12	33	4.154
12	34	7.501
12	35	16.58
12	36	14.12
12	37	24.93
12	38	1.654
12	39	5.885
12	40	4.135
12	41	8.271
12	42	4.962
12	43	5.789
12	44	33.22
12	45	4.135
12	46	1.654
12	47	2.481
12	48	0.827
12	49	0.827
12	50	1.654
12	51	15.71
12	52	4.135
12	53	5.001
12	56	0.827
12	58	3.308
12	59	1.654
12	61	4.135
12	62	12.41
12	63	4.962
12	64	5.789
12	65	5.789
12	67	1.654
12	68	1.654
12	70	5.789
12	71	4.135
12	72	8.271
12	73	1.654
12	74	33.91
12	75	4.981
12	76	1.654
12	77	4.962
12	78	0.827
12	80	1.654
12	84	8.271
12	85	4.962
12	87	4.962
12	88	0.827
12	89	0.827
12	91	5.789
12	92	6.617
12	93	6.617
12	94	0.827
12	95	3.308
12	97	1.654
12	98	0.827
12	100	3.308
12	101	14.06
12	102	12.46
12	104	0.827
12	105	6.617
12	106	2.481
13	1	14.89
13	3	39.7
13	5	0.827
13	6	6.617
13	7	1.654
13	8	8.29
13	9	4.135
13	10	4.962
13	11	8.29
13	12	9.174
13	14	14.91
13	15	13.23
13	16	14.91
13	17	4.981
13	18	3.308
13	19	5.789
13	21	0.827
13	23	8.385
13	24	6.636
13	25	5.039
13	26	3.308
13	27	0.827
13	28	9.136
13	29	8.271
13	30	0.827
13	31	2.481
13	32	4.962
13	33	4.212
13	34	10.04
13	35	6.617
13	36	12.44
13	37	17.37
13	38	0.827
13	39	2.481
13	40	4.135
13	41	10.75
13	42	9.212
13	43	7.444
13	44	11.58
13	45	14.06
13	46	2.538
13	47	0.827
13	49	0.827
13	51	0.827
13	52	2.481
13	53	4.962
13	55	1.654
13	60	4.135
13	61	0.827
13	62	3.308
13	63	5.789
13	65	2.481
13	66	2.481
13	70	2.538
13	71	12.41
13	72	9.925
13	73	4.135
13	74	19.02
13	75	5.789
13	76	4.962
13	77	1.654
13	78	5.789
13	79	1.673
13	80	0.827
13	84	0.827
13	85	0.827
13	87	0.827
13	90	1.654
13	92	2.481
13	93	1.654
13	94	2.481
13	95	1.654
13	97	0.827
13	100	6.636
13	101	9.925
13	102	12.41
13	103	1.673
13	105	3.308
13	106	0.827
14	1	8.271
14	3	40.53
14	5	4.135
14	6	13.31
14	7	1.654
14	8	7.482
14	9	26.5
14	10	10.75
14	11	24.04
14	12	9.117
14	13	63.7
14	15	42.29
14	16	19.04
14	17	27.29
14	18	5.809
14	19	14.08
14	20	3.308
14	21	0.827
14	23	7.463
14	24	0.827
14	25	0.827
14	26	2.481
14	27	5.789
14	28	9.098
14	29	9.963
14	30	7.463
14	31	16.54
14	32	7.444
14	33	7.463
14	34	9.155
14	35	18.21
14	36	11.58
14	37	20.7
14	38	5.904
14	40	5.809
14	41	8.271
14	42	9.925
14	43	2.481
14	44	29.85
14	45	7.482
14	48	0.827
14	49	2.481
14	50	3.308
14	51	3.308
14	52	4.962
14	53	7.444
14	55	0.827
14	58	2.481
14	60	2.481
14	62	1.692
14	63	3.308
14	64	3.308
14	65	0.827
14	67	2.481
14	68	2.519
14	70	3.308
14	71	17.37
14	72	14.06
14	73	1.654
14	74	18.2
14	75	9.944
14	76	2.481
14	77	2.481
14	84	5.789
14	85	0.827
14	87	5.789
14	90	1.654
14	91	0.827
14	92	6.617
14	93	4.135
14	95	3.308
14	96	0.827
14	97	2.481
14	100	3.308
14	101	6.655
14	102	10.75
14	103	0.827
14	105	2.481
15	1	39.7
15	3	78.57
15	5	4.962
15	6	15.73
15	7	3.327
15	8	15.75
15	9	22.35
15	10	38.1
15	11	44.74
15	12	47.2
15	13	56.3
15	14	50.53
15	16	63.84
15	17	29.81
15	18	23.23
15	19	31.64
15	20	6.617
15	21	0.827
15	22	5.847
15	23	35.74
15	24	42.62
15	25	34.87
15	26	9.944
15	27	9.944
15	28	25.7
15	29	18.25
15	30	14.08
15	31	47.26
15	32	33.24
15	33	27.62
15	34	58.93
15	35	84.38
15	36	62.05
15	37	83.8
15	38	19.12
15	39	10.79
15	40	20.7
15	41	32.26
15	42	36.41
15	43	18.2
15	44	155.1
15	45	42.47
15	46	21.5
15	47	2.481
15	48	11.77
15	49	8.328
15	50	7.444
15	51	12.41
15	52	16.54
15	53	24.06
15	54	0.846
15	55	2.5
15	56	0.827
15	57	3.308
15	58	10.04
15	59	4.135
15	60	4.962
15	61	8.309
15	62	8.271
15	63	9.098
15	64	27.29
15	65	18.27
15	66	1.654
15	68	11.73
15	69	2.481
15	70	19.02
15	71	19.02
15	72	26.47
15	73	19.85
15	74	58.74
15	75	18.27
15	76	7.444
15	77	5.789
15	78	11.58
15	79	0.827
15	80	4.135
15	81	1.654
15	82	1.654
15	84	15.71
15	85	18.2
15	87	7.444
15	88	4.135
15	90	2.481
15	91	14.06
15	92	33.95
15	93	19.04
15	94	10.75
15	95	9.925
15	96	4.154
15	97	11.58
15	98	9.925
15	99	0.827
15	100	24.87
15	101	55.41
15	102	80.38
15	103	4.135
15	104	7.52
15	105	18.2
15	106	2.481
15	107	4.135
16	1	16.54
16	3	26.47
16	5	1.654
16	6	4.981
16	7	0.827
16	8	4.981
16	9	4.135
16	10	2.481
16	11	5.789
16	12	6.617
16	13	12.41
16	14	7.444
16	15	14.14
16	17	27.43
16	18	19.04
16	19	13.33
16	20	8.271
16	23	4.981
16	24	9.982
16	25	3.308
16	26	4.135
16	27	1.654
16	28	8.29
16	29	2.481
16	30	7.444
16	31	4.962
16	32	8.328
16	33	1.654
16	34	14.1
16	35	17.37
16	36	19.04
16	37	15.75
16	38	13.29
16	39	1.673
16	40	5.828
16	41	10.81
16	42	9.098
16	43	7.444
16	44	22.45
16	45	17.43
16	46	1.654
16	47	2.481
16	49	3.308
16	50	5.809
16	51	14.06
16	52	9.117
16	53	6.617
16	56	1.654
16	58	1.673
16	59	0.827
16	60	1.654
16	61	2.481
16	62	5.001
16	63	5.789
16	64	10.79
16	65	14.98
16	68	10.83
16	69	4.193
16	70	4.962
16	71	17.37
16	72	13.23
16	73	8.271
16	74	8.271
16	76	2.481
16	77	1.654
16	78	0.827
16	81	0.827
16	83	0.827
16	84	7.444
16	89	0.827
16	90	1.654
16	91	1.654
16	92	15.71
16	93	17.39
16	95	4.962
16	97	3.308
16	98	5.077
16	100	4.962
16	101	10.75
16	102	12.43
16	103	0.827
16	105	7.444
16	106	2.481
17	1	0.827
17	3	4.135
17	5	0.827
17	7	0.827
17	8	0.846
17	9	2.481
17	10	0.846
17	12	0.827
17	13	3.308
17	14	4.962
17	15	3.308
17	16	7.444
17	18	5.809
17	19	7.444
17	20	0.827
17	21	2.481
17	24	1.654
17	25	0.827
17	28	0.827
17	29	1.654
17	32	3.327
17	33	0.827
17	34	1.654
17	35	1.654
17	36	0.827
17	37	2.481
17	38	0.827
17	39	0.827
17	40	0.846
17	41	0.827
17	43	2.481
17	44	6.617
17	45	3.385
17	49	2.481
17	50	0.827
17	51	0.827
17	52	0.827
17	53	7.539
17	56	0.827
17	57	0.827
17	58	0.827
17	60	0.827
17	63	0.827
17	64	4.135
17	65	1.654
17	67	1.654
17	68	1.654
17	71	4.135
17	72	4.135
17	73	1.654
17	74	2.481
17	75	0.827
17	76	0.827
17	77	1.654
17	90	1.654
17	92	5.789
17	93	3.308
17	94	0.827
17	97	0.827
17	100	2.481
17	101	4.981
17	102	4.135
17	105	0.827
18	1	9.098
18	3	28.95
18	5	6.617
18	6	7.444
18	7	2.481
18	8	9.963
18	9	8.271
18	10	31.43
18	11	13.23
18	12	4.135
18	13	19.06
18	14	9.098
18	15	42.18
18	16	43.83
18	17	36.51
18	19	50.64
18	20	23.23
18	21	10.75
18	22	0.827
18	23	5.789
18	24	5.789
18	25	6.617
18	26	3.308
18	27	8.271
18	28	7.444
18	29	4.962
18	30	6.617
18	31	24.0
18	32	8.271
18	33	5.001
18	34	15.73
18	35	30.6
18	36	16.58
18	37	19.89
18	38	4.154
18	39	1.654
18	40	4.135
18	41	20.68
18	42	14.08
18	43	10.75
18	44	26.5
18	45	29.02
18	46	9.925
18	47	1.654
18	48	0.827
18	49	10.75
18	50	11.64
18	51	13.25
18	52	20.85
18	53	8.328
18	58	5.789
18	59	2.481
18	60	2.481
18	61	8.271
18	62	10.75
18	63	14.94
18	64	28.22
18	65	47.24
18	66	0.827
18	67	0.827
18	68	3.308
18	70	6.674
18	71	28.12
18	72	18.2
18	73	22.33
18	74	16.54
18	75	13.23
18	76	3.308
18	77	9.098
18	78	6.617
18	80	1.654
18	82	1.654
18	84	7.444
18	87	5.001
18	91	7.444
18	92	37.24
18	93	24.04
18	94	5.789
18	95	18.23
18	97	4.135
18	98	1.654
18	100	9.925
18	101	23.16
18	102	31.43
18	104	1.654
18	105	7.444
18	106	0.827
18	107	0.827
18	108	0.827
19	1	25.68
19	3	40.56
19	5	2.481
19	6	8.29
19	7	2.481
19	8	4.962
19	9	4.962
19	10	10.81
19	11	12.41
19	12	8.271
19	13	24.83
19	14	17.39
19	15	29.93
19	16	74.49
19	17	81.55
19	18	46.33
19	20	25.83
19	21	4.154
19	23	11.62
19	24	6.636
19	25	6.636
19	26	4.135
19	27	2.481
19	28	10.81
19	29	12.41
19	30	1.654
19	31	12.43
19	32	14.93
19	33	9.944
19	34	14.91
19	35	21.5
19	36	9.944
19	37	35.56
19	38	13.23
19	39	1.673
19	40	6.617
19	41	12.43
19	42	9.944
19	43	9.098
19	44	34.95
19	45	22.37
19	46	0.827
19	48	3.346
19	49	6.617
19	50	3.308
19	51	8.271
19	52	7.444
19	53	20.75
19	55	3.308
19	56	0.827
19	57	4.962
19	58	2.481
19	59	3.308
19	60	1.673
19	61	7.444
19	62	4.135
19	63	6.617
19	64	22.46
19	65	22.41
19	67	2.481
19	68	7.444
19	69	0.827
19	70	13.29
19	71	23.16
19	72	31.43
19	73	14.06
19	74	39.7
19	75	4.962
19	76	5.789
19	77	7.444
19	78	9.925
19	80	0.827
19	81	0.827
19	82	0.827
19	84	16.54
19	85	1.654
19	87	2.481
19	89	0.827
19	90	4.962
19	91	6.617
19	92	38.05
19	93	21.5
19	94	8.271
19	95	9.098
19	96	1.654
19	97	5.789
19	98	4.962
19	99	1.692
19	100	10.77
19	101	43.05
19	102	40.62
19	103	4.135
19	104	0.827
19	105	7.444
19	106	0.827
19	107	1.654
20	1	8.29
20	3	22.33
20	5	4.135
20	6	2.481
20	7	0.827
20	8	3.308
20	9	1.654
20	10	3.308
20	11	5.789
20	12	2.481
20	13	7.444
20	14	5.828
20	15	29.89
20	16	44.7
20	17	23.98
20	18	33.97
20	19	52.2
20	21	3.327
20	23	4.962
20	24	3.327
20	25	1.654
20	27	0.827
20	28	4.135
20	29	4.135
20	30	2.481
20	31	5.789
20	32	2.481
20	33	2.5
20	34	4.135
20	35	18.2
20	36	7.463
20	37	7.482
20	38	3.308
20	39	0.846
20	40	3.308
20	41	6.617
20	42	3.308
20	43	3.308
20	44	11.64
20	45	10.77
20	46	0.827
20	47	0.827
20	48	0.827
20	49	1.654
20	50	0.846
20	51	6.617
20	52	6.617
20	53	2.481
20	55	1.654
20	56	3.346
20	57	0.827
20	58	1.654
20	59	3.308
20	60	0.846
20	61	4.962
20	62	2.481
20	63	3.308
20	64	5.789
20	65	15.0
20	68	2.481
20	70	10.75
20	71	18.2
20	72	8.271
20	73	25.64
20	74	14.06
20	75	2.481
20	76	1.654
20	77	1.654
20	78	2.481
20	82	0.827
20	87	3.308
20	89	0.827
20	91	7.444
20	92	26.47
20	93	14.06
20	95	3.308
20	96	1.654
20	97	0.827
20	98	1.654
20	100	4.135
20	101	9.098
20	102	21.5
20	105	1.654
21	1	16.54
21	3	99.27
21	5	7.444
21	6	8.271
21	7	3.308
21	8	11.6
21	9	7.444
21	10	11.58
21	11	22.35
21	12	2.481
21	13	26.47
21	14	15.71
21	15	29.79
21	16	67.03
21	17	45.49
21	18	39.74
21	19	58.82
21	20	11.58
21	22	0.827
21	23	4.962
21	24	7.463
21	25	3.327
21	26	3.308
21	27	3.308
21	28	7.444
21	29	5.789
21	30	7.444
21	31	28.12
21	32	1.654
21	33	4.981
21	34	10.83
21	35	23.98
21	36	15.71
21	37	19.87
21	38	4.962
21	39	1.654
21	40	9.925
21	41	5.789
21	42	13.25
21	43	9.098
21	44	21.52
21	45	14.93
21	46	0.827
21	49	8.309
21	50	0.827
21	51	4.962
21	52	10.75
21	53	9.925
21	56	0.827
21	57	3.308
21	58	2.481
21	59	6.617
21	60	0.827
21	61	4.135
21	62	9.098
21	63	9.925
21	64	10.79
21	65	19.89
21	67	3.308
21	68	4.962
21	69	0.827
21	70	12.41
21	71	34.74
21	72	23.16
21	73	23.16
21	74	31.49
21	75	9.944
21	76	6.617
21	77	5.789
21	80	0.827
21	81	0.827
21	82	0.827
21	84	6.617
21	87	0.827
21	88	2.481
21	89	0.827
21	90	2.481
21	91	12.43
21	92	32.27
21	93	36.41
21	94	3.308
21	95	6.617
21	97	4.174
21	98	1.654
21	100	5.789
21	101	29.77
21	102	20.68
21	103	1.654
21	104	0.827
21	105	8.271
21	106	1.654
22	1	3.308
22	3	0.827
22	5	0.827
22	6	5.001
22	8	4.174
22	10	8.271
22	11	4.154
22	12	3.308
22	13	2.481
22	14	0.846
22	15	3.308
22	16	3.308
22	17	2.538
22	18	0.827
22	19	2.5
22	20	0.827
22	23	30.12
22	24	79.0
22	25	8.309
22	26	1.654
22	27	2.5
22	28	6.636
22	29	6.617
22	30	1.654
22	31	7.463
22	32	6.655
22	33	16.62
22	34	23.27
22	35	22.5
22	36	14.94
22	37	14.12
22	38	17.56
22	39	5.789
22	40	4.135
22	41	8.271
22	42	4.135
22	43	1.654
22	44	16.54
22	45	10.75
22	46	4.962
22	47	1.654
22	48	0.827
22	49	1.654
22	50	2.481
22	52	2.481
22	53	1.654
22	54	3.308
22	57	0.827
22	59	0.827
22	62	0.827
22	64	3.308
22	65	1.654
22	68	4.135
22	69	4.231
22	70	1.654
22	71	4.135
22	72	1.654
22	73	1.654
22	74	12.41
22	75	11.71
22	76	1.654
22	77	4.962
22	78	3.308
22	81	0.827
22	84	1.654
22	85	0.827
22	87	16.62
22	92	3.308
22	94	2.481
22	95	0.827
22	97	0.827
22	98	9.982
22	99	1.654
22	100	0.827
22	101	1.654
22	102	9.944
22	105	5.789
23	1	37.24
23	3	48.8
23	5	7.463
23	6	33.25
23	7	4.981
23	8	44.08
23	9	9.098
23	10	70.43
23	11	41.41
23	12	28.14
23	13	55.45
23	14	8.29
23	15	105.1
23	16	68.53
23	17	22.35
23	18	58.62
23	19	59.56
23	20	4.962
23	22	29.58
23	24	523.6
23	25	101.2
23	26	19.06
23	27	49.81
23	28	73.01
23	29	35.72
23	30	17.44
23	31	92.01
23	32	58.87
23	33	222.7
23	34	215.2
23	35	232.4
23	36	153.1
23	37	142.0
23	38	49.85
23	39	12.52
23	40	32.26
23	41	67.86
23	42	69.51
23	43	20.7
23	44	251.0
23	45	95.4
23	46	5.789
23	47	2.481
23	48	2.5
23	49	5.789
23	50	22.41
23	51	27.29
23	52	14.06
23	53	26.49
23	55	4.962
23	56	1.654
23	57	2.481
23	58	2.5
23	59	0.827
23	60	1.654
23	61	5.789
23	62	1.654
23	63	14.89
23	64	11.58
23	65	13.23
23	66	0.827
23	68	39.27
23	69	13.52
23	70	22.66
23	71	18.2
23	72	12.41
23	73	10.75
23	74	180.5
23	75	171.9
23	76	25.64
23	77	18.2
23	78	28.18
23	79	4.135
23	80	7.444
23	81	9.925
23	82	0.827
23	83	1.654
23	84	33.08
23	85	26.47
23	86	0.827
23	87	22.33
23	88	7.444
23	89	4.962
23	90	9.098
23	91	9.925
23	92	29.77
23	93	14.06
23	94	8.328
23	95	8.271
23	96	1.654
23	97	5.789
23	98	73.02
23	100	28.18
23	101	81.07
23	102	121.1
23	103	6.617
23	104	9.098
23	105	36.39
23	106	6.617
23	107	4.962
24	1	26.49
24	3	54.59
24	5	7.463
24	6	31.54
24	7	7.444
24	8	40.83
24	9	13.31
24	10	49.83
24	11	43.99
24	12	31.43
24	13	41.41
24	14	9.944
24	15	88.59
24	16	46.64
24	17	22.33
24	18	51.91
24	19	72.23
24	20	4.962
24	21	1.654
24	22	35.4
24	23	338.1
24	25	121.6
24	26	20.73
24	27	26.5
24	28	54.06
24	29	22.35
24	30	21.52
24	31	101.9
24	32	73.86
24	33	230.3
24	34	213.1
24	35	233.2
24	36	131.7
24	37	149.3
24	38	64.95
24	39	20.75
24	40	35.56
24	41	62.9
24	42	38.08
24	43	16.56
24	44	210.3
24	45	73.8
24	46	10.02
24	47	1.654
24	49	10.75
24	50	14.12
24	51	19.89
24	52	15.71
24	53	31.43
24	54	0.827
24	55	5.001
24	57	5.789
24	58	2.481
24	59	5.789
24	60	0.827
24	61	10.75
24	62	22.39
24	63	6.617
24	64	16.64
24	65	11.58
24	68	32.56
24	69	1.692
24	70	29.04
24	71	19.85
24	72	23.16
24	73	13.23
24	74	127.4
24	75	120.6
24	76	23.98
24	77	15.71
24	78	36.39
24	79	0.827
24	80	5.789
24	81	8.271
24	82	0.827
24	83	4.135
24	84	25.64
24	85	24.81
24	86	0.827
24	87	18.2
24	88	5.789
24	89	0.827
24	90	15.71
24	91	5.789
24	92	24.81
24	93	21.5
24	94	15.81
24	95	17.37
24	96	0.827
24	97	4.962
24	98	25.91
24	100	19.87
24	101	65.36
24	102	121.1
24	103	4.962
24	104	4.135
24	105	33.08
24	106	10.75
24	107	2.481
25	1	23.2
25	3	74.49
25	5	7.463
25	6	14.91
25	7	3.366
25	8	15.79
25	9	3.308
25	10	24.0
25	11	13.23
25	12	24.0
25	13	32.29
25	14	4.154
25	15	32.29
25	16	35.81
25	17	15.71
25	18	15.91
25	19	17.48
25	20	1.654
25	21	0.827
25	22	5.058
25	23	307.2
25	24	266.4
25	26	38.29
25	27	35.89
25	28	57.77
25	29	38.2
25	30	13.27
25	31	61.3
25	32	29.79
25	33	145.5
25	34	96.63
25	35	122.6
25	36	75.43
25	37	95.42
25	38	30.79
25	39	9.193
25	40	14.08
25	41	28.14
25	42	48.03
25	43	21.6
25	44	122.5
25	45	39.85
25	46	3.308
25	47	2.519
25	48	3.308
25	49	4.962
25	50	14.89
25	51	14.1
25	52	13.25
25	53	9.098
25	55	1.654
25	57	1.654
25	58	0.827
25	59	1.654
25	60	3.308
25	61	0.827
25	62	4.962
25	63	1.654
25	64	10.02
25	65	10.75
25	67	4.174
25	68	12.41
25	69	5.923
25	70	17.62
25	71	14.06
25	72	16.54
25	73	3.308
25	74	267.1
25	75	119.5
25	76	36.41
25	77	16.54
25	78	25.79
25	79	1.654
25	80	9.098
25	81	8.271
25	82	2.481
25	84	23.16
25	85	29.77
25	87	28.2
25	88	5.789
25	89	0.827
25	90	4.135
25	91	14.06
25	92	15.71
25	93	7.444
25	94	8.271
25	95	9.925
25	96	0.846
25	97	2.481
25	98	9.193
25	100	10.75
25	101	29.79
25	102	62.97
25	103	5.789
25	104	1.654
25	105	29.83
25	106	4.962
25	107	0.827
26	1	96.84
26	3	219.2
26	5	12.43
26	6	36.49
26	7	10.75
26	8	27.33
26	9	18.2
26	10	33.14
26	11	35.56
26	12	12.41
26	13	42.2
26	14	14.91
26	15	58.74
26	16	31.47
26	17	18.2
26	18	25.7
26	19	30.81
26	20	4.962
26	21	0.827
26	22	8.29
26	23	113.7
26	24	138.3
26	25	65.76
26	27	64.99
26	28	72.22
26	29	84.59
26	30	46.47
26	31	66.17
26	32	48.07
26	33	42.41
26	34	65.78
26	35	95.98
26	36	78.05
26	37	91.21
26	38	21.58
26	39	18.2
26	40	29.04
26	41	36.54
26	42	38.05
26	43	13.23
26	44	78.72
26	45	32.26
26	46	0.827
26	47	3.308
26	48	5.866
26	49	13.27
26	50	4.962
26	51	14.06
26	52	7.482
26	53	11.58
26	55	1.654
26	57	1.654
26	58	1.654
26	59	2.481
26	60	0.827
26	61	4.135
26	62	3.308
26	63	4.135
26	64	2.481
26	65	7.444
26	67	0.827
26	68	8.271
26	69	3.385
26	70	18.27
26	71	16.54
26	72	15.71
26	73	4.962
26	74	376.9
26	75	69.8
26	76	52.95
26	77	31.43
26	78	33.08
26	79	0.827
26	80	3.308
26	81	9.098
26	82	6.617
26	83	0.827
26	84	51.28
26	85	13.23
26	87	23.98
26	88	14.89
26	89	0.827
26	90	14.89
26	91	2.481
26	92	25.66
26	93	20.68
26	94	6.75
26	95	10.75
26	97	6.617
26	98	8.271
26	100	16.64
26	101	50.45
26	102	86.98
26	103	2.481
26	104	1.654
26	105	39.78
26	106	4.962
26	107	4.135
27	1	65.38
27	3	126.6
27	5	9.098
27	6	34.02
27	7	6.655
27	8	13.29
27	9	11.58
27	10	30.68
27	11	33.97
27	12	29.79
27	13	23.2
27	14	8.271
27	15	61.2
27	16	24.12
27	17	31.43
27	18	20.71
27	19	19.91
27	20	3.308
27	21	3.308
27	22	4.231
27	23	173.7
27	24	227.3
27	25	80.66
27	26	42.29
27	28	69.03
27	29	59.85
27	30	33.16
27	31	86.17
27	32	62.14
27	33	109.0
27	34	85.7
27	35	142.5
27	36	84.44
27	37	82.24
27	38	42.31
27	39	43.39
27	40	33.93
27	41	41.37
27	42	38.05
27	43	17.43
27	44	126.7
27	45	63.01
27	46	11.6
27	47	4.962
27	48	9.212
27	49	18.2
27	50	9.944
27	51	8.29
27	52	11.58
27	53	14.06
27	54	0.827
27	55	1.654
27	57	2.481
27	58	4.962
27	59	4.135
27	60	0.827
27	61	2.481
27	62	4.135
27	63	14.06
27	64	15.71
27	65	14.93
27	67	3.308
27	68	13.35
27	69	2.481
27	70	12.48
27	71	8.271
27	72	15.71
27	73	5.789
27	74	273.9
27	75	110.7
27	76	40.53
27	77	30.6
27	78	38.18
27	79	4.962
27	80	9.925
27	81	5.789
27	82	1.654
27	83	2.481
27	84	36.39
27	85	30.6
27	87	26.52
27	88	14.91
27	89	4.135
27	90	16.54
27	91	7.444
27	92	26.47
27	93	12.41
27	95	10.75
27	97	7.444
27	98	22.43
27	100	14.08
27	101	59.55
27	102	86.21
27	103	4.135
27	104	2.481
27	105	38.06
27	106	9.925
27	107	4.135
27	108	0.827
28	1	79.4
28	3	86.84
28	5	9.944
28	6	42.33
28	7	12.41
28	8	33.2
28	9	15.71
28	10	62.18
28	11	43.03
28	12	37.22
28	13	43.05
28	14	16.56
28	15	90.25
28	16	48.16
28	17	28.14
28	18	34.16
28	19	27.54
28	20	4.135
28	21	0.827
28	22	9.25
28	23	139.9
28	24	264.4
28	25	79.78
28	26	49.7
28	27	78.49
28	29	42.26
28	30	37.31
28	31	97.24
28	32	58.09
28	33	137.7
28	34	141.9
28	35	171.1
28	36	89.42
28	37	134.5
28	38	62.07
28	39	13.33
28	40	21.54
28	41	50.62
28	42	53.76
28	43	24.81
28	44	176.6
28	45	57.07
28	46	4.135
28	47	4.135
28	48	1.654
28	49	9.098
28	50	6.617
28	51	22.33
28	52	6.617
28	53	13.23
28	54	1.654
28	55	1.654
28	57	2.481
28	58	1.654
28	59	6.617
28	60	2.481
28	61	8.271
28	62	4.981
28	63	9.925
28	64	19.91
28	65	13.23
28	67	2.481
28	68	13.33
28	69	3.366
28	70	13.23
28	71	19.02
28	72	28.12
28	73	9.098
28	74	230.9
28	75	105.8
28	76	43.01
28	77	28.12
28	78	41.43
28	79	0.827
28	80	9.117
28	81	3.308
28	82	1.654
28	83	1.654
28	84	50.45
28	85	33.91
28	87	23.98
28	88	5.789
28	89	1.654
28	90	12.41
28	91	10.75
28	92	26.5
28	93	13.23
28	94	8.271
28	95	7.444
28	97	7.463
28	98	12.52
28	100	22.37
28	101	55.43
28	102	89.38
28	103	4.962
28	104	4.135
28	105	44.66
28	106	7.444
28	107	2.481
29	1	81.99
29	3	153.9
29	5	12.44
29	6	27.39
29	7	6.636
29	8	23.16
29	9	12.41
29	10	33.93
29	11	32.33
29	12	12.41
29	13	28.12
29	14	13.23
29	15	36.41
29	16	26.52
29	17	9.098
29	18	19.93
29	19	22.52
29	20	4.962
29	22	6.636
29	23	36.47
29	24	44.91
29	25	29.04
29	26	36.54
29	27	48.99
29	28	64.74
29	30	44.89
29	31	44.68
29	32	30.66
29	33	22.43
29	34	34.78
29	35	84.4
29	36	51.32
29	37	71.4
29	38	22.6
29	39	9.963
29	40	10.79
29	41	15.71
29	42	21.52
29	43	8.271
29	44	75.28
29	45	24.85
29	46	1.654
29	47	2.481
29	48	0.827
29	49	2.481
29	50	10.9
29	51	10.79
29	52	6.617
29	53	9.098
29	55	0.827
29	57	0.827
29	58	5.789
29	59	0.827
29	60	2.481
29	61	4.962
29	62	4.962
29	63	9.098
29	64	5.789
29	65	9.098
29	68	13.31
29	69	2.481
29	70	8.271
29	71	14.89
29	72	14.06
29	73	16.54
29	74	242.0
29	75	34.93
29	76	38.05
29	77	19.02
29	78	14.06
29	79	0.827
29	80	0.827
29	81	4.962
29	82	2.481
29	83	1.654
29	84	50.51
29	85	23.98
29	86	0.827
29	87	18.21
29	88	9.963
29	89	1.654
29	90	9.098
29	91	3.308
29	92	28.12
29	93	4.135
29	94	9.098
29	95	5.809
29	96	0.827
29	97	5.789
29	98	7.52
29	100	12.41
29	101	38.87
29	102	56.24
29	103	3.308
29	104	1.654
29	105	30.62
29	106	2.481
29	107	1.654
30	1	43.01
30	3	47.14
30	5	4.981
30	6	8.29
30	7	4.135
30	8	5.828
30	9	3.308
30	10	10.75
30	11	21.52
30	12	4.962
30	13	14.06
30	14	5.789
30	15	16.54
30	16	15.75
30	17	15.71
30	18	10.75
30	19	9.136
30	20	2.481
30	23	21.52
30	24	18.35
30	25	10.75
30	26	4.981
30	27	11.66
30	28	23.27
30	29	27.33
30	31	12.43
30	32	11.6
30	33	30.77
30	34	35.62
30	35	46.47
30	36	31.47
30	37	33.93
30	38	9.098
30	39	1.692
30	40	13.23
30	41	20.71
30	42	22.41
30	43	8.309
30	44	42.29
30	45	14.89
30	46	0.827
30	47	2.5
30	48	0.827
30	49	4.135
30	50	0.827
30	51	10.79
30	52	4.193
30	53	2.481
30	54	0.827
30	57	3.308
30	58	0.827
30	60	0.827
30	61	3.308
30	62	2.481
30	63	5.789
30	64	7.444
30	65	2.481
30	66	0.827
30	67	2.519
30	68	1.654
30	70	5.789
30	71	7.444
30	72	9.098
30	73	8.271
30	74	97.73
30	75	17.41
30	76	11.6
30	77	14.89
30	78	12.41
30	79	0.827
30	80	7.52
30	81	0.827
30	83	1.654
30	84	19.04
30	85	10.75
30	87	3.308
30	88	1.654
30	89	0.827
30	90	7.444
30	91	5.789
30	92	9.925
30	93	6.617
30	94	0.827
30	95	8.271
30	96	0.827
30	97	4.135
30	98	3.308
30	100	4.962
30	101	19.89
30	102	34.83
30	103	1.654
30	104	1.673
30	105	16.54
31	1	50.49
31	3	91.88
31	5	14.91
31	6	38.08
31	7	10.75
31	8	19.93
31	9	18.2
31	10	75.45
31	11	56.37
31	12	32.26
31	13	58.74
31	14	29.81
31	15	69.53
31	16	59.89
31	17	24.81
31	18	42.43
31	19	19.96
31	20	5.809
31	21	1.654
31	22	13.4
31	23	165.6
31	24	236.5
31	25	75.8
31	26	31.49
31	27	32.41
31	28	60.64
31	29	33.16
31	30	30.7
31	32	64.03
31	33	179.8
31	34	144.2
31	35	184.5
31	36	118.7
31	37	138.8
31	38	65.61
31	39	29.16
31	40	31.45
31	41	50.57
31	42	48.14
31	43	24.85
31	44	156.6
31	45	68.03
31	46	12.48
31	47	4.981
31	48	4.981
31	49	8.271
31	50	12.41
31	51	18.23
31	52	13.23
31	53	20.68
31	54	0.827
31	55	1.654
31	57	0.827
31	58	5.789
31	59	5.789
31	60	8.271
31	61	3.308
31	62	8.271
31	63	6.617
31	64	12.43
31	65	10.79
31	66	1.654
31	67	3.308
31	68	39.23
31	69	2.481
31	70	16.66
31	71	18.2
31	72	23.16
31	73	15.71
31	74	161.3
31	75	120.1
31	76	24.81
31	77	20.68
31	78	22.33
31	79	7.444
31	80	5.789
31	81	4.962
31	82	0.827
31	83	1.654
31	84	41.35
31	85	33.91
31	87	14.89
31	88	6.636
31	89	1.654
31	90	7.444
31	91	19.85
31	92	38.87
31	93	18.2
31	94	13.25
31	95	15.71
31	96	2.481
31	97	7.444
31	98	23.41
31	99	0.827
31	100	36.54
31	101	62.13
31	102	84.46
31	103	6.617
31	104	9.098
31	105	39.79
31	106	4.135
31	107	4.962
32	1	57.11
32	3	74.46
32	5	16.56
32	6	54.16
32	7	24.25
32	8	22.48
32	9	11.58
32	10	39.01
32	11	41.39
32	12	37.22
32	13	39.78
32	14	17.39
32	15	57.14
32	16	32.41
32	17	28.97
32	18	19.16
32	19	27.45
32	20	10.75
32	21	3.308
32	22	10.08
32	23	93.64
32	24	135.1
32	25	50.93
32	26	26.47
32	27	42.43
32	28	66.6
32	29	57.32
32	30	44.16
32	31	79.89
32	33	103.2
32	34	85.84
32	35	118.5
32	36	88.09
32	37	115.6
32	38	36.54
32	39	20.79
32	40	34.74
32	41	42.18
32	42	41.39
32	43	22.45
32	44	125.5
32	45	53.09
32	46	5.789
32	47	0.827
32	49	11.6
32	50	12.41
32	51	29.79
32	52	15.71
32	53	19.02
32	54	1.654
32	55	0.827
32	56	2.481
32	57	1.654
32	58	3.366
32	59	0.827
32	60	0.827
32	61	6.617
32	62	9.098
32	63	6.617
32	64	11.58
32	65	16.54
32	67	1.654
32	68	25.17
32	70	21.62
32	71	15.71
32	72	32.26
32	73	8.271
32	74	173.8
32	75	58.31
32	76	17.37
32	77	21.5
32	78	15.71
32	79	4.135
32	80	14.06
32	81	7.444
32	82	1.654
32	83	1.654
32	84	40.56
32	85	48.8
32	86	1.654
32	87	14.96
32	88	7.444
32	90	5.789
32	91	11.58
32	92	37.26
32	93	13.23
32	94	17.44
32	95	21.5
32	96	1.654
32	97	7.444
32	98	24.27
32	99	1.654
32	100	17.43
32	101	51.37
32	102	58.74
32	103	9.098
32	104	7.444
32	105	24.81
32	106	5.789
32	107	6.617
33	1	52.14
33	3	74.46
33	5	12.41
33	6	53.03
33	7	7.444
33	8	34.12
33	9	15.73
33	10	87.96
33	11	49.68
33	12	39.72
33	13	76.11
33	14	19.87
33	15	135.0
33	16	92.4
33	17	44.68
33	18	61.89
33	19	90.6
33	20	4.135
33	21	4.962
33	22	32.83
33	23	309.1
33	24	538.6
33	25	114.0
33	26	24.85
33	27	53.12
33	28	98.5
33	29	45.64
33	30	36.43
33	31	122.6
33	32	83.13
33	34	260.9
33	35	330.4
33	36	188.8
33	37	184.4
33	38	143.8
33	39	102.2
33	40	64.61
33	41	122.7
33	42	106.8
33	43	42.24
33	44	270.7
33	45	135.1
33	46	28.39
33	47	4.962
33	48	8.366
33	49	18.27
33	50	39.72
33	51	50.45
33	52	27.29
33	53	38.05
33	54	3.308
33	55	14.89
33	56	1.654
33	57	4.981
33	58	11.58
33	59	7.444
33	60	8.271
33	61	13.27
33	62	25.7
33	63	21.5
33	64	14.12
33	65	20.68
33	66	0.827
33	67	3.308
33	68	62.37
33	69	14.31
33	70	25.73
33	71	16.54
33	72	46.32
33	73	11.58
33	74	186.1
33	75	146.2
33	76	32.27
33	77	21.5
33	78	28.12
33	79	6.636
33	80	10.75
33	81	8.271
33	82	2.481
33	83	4.135
33	84	43.83
33	85	52.14
33	87	9.925
33	88	7.444
33	89	1.654
33	90	12.41
33	91	25.64
33	92	47.16
33	93	26.47
33	94	21.52
33	95	20.68
33	96	1.654
33	97	8.271
33	98	46.6
33	100	47.2
33	101	122.5
33	102	187.3
33	103	10.79
33	104	4.962
33	105	43.85
33	106	9.925
33	107	10.75
34	1	57.14
34	3	53.76
34	5	9.098
34	6	34.04
34	7	6.617
34	8	35.0
34	9	18.21
34	10	54.89
34	11	59.7
34	12	29.77
34	13	63.7
34	14	19.02
34	15	120.0
34	16	71.78
34	17	32.31
34	18	49.47
34	19	91.72
34	20	7.444
34	21	4.135
34	22	22.81
34	23	263.8
34	24	354.5
34	25	90.22
34	26	24.0
34	27	38.12
34	28	80.32
34	29	38.91
34	30	25.68
34	31	123.7
34	32	67.99
34	33	306.4
34	35	235.8
34	36	151.8
34	37	163.6
34	38	90.67
34	39	50.2
34	40	33.12
34	41	90.26
34	42	75.43
34	43	34.76
34	44	262.5
34	45	86.19
34	46	7.52
34	47	2.481
34	48	4.212
34	49	25.77
34	50	28.23
34	51	43.08
34	52	20.68
34	53	29.83
34	54	0.827
34	55	5.039
34	57	5.789
34	58	6.617
34	59	2.481
34	60	5.789
34	61	14.89
34	62	16.56
34	63	16.54
34	64	11.6
34	65	19.85
34	68	46.74
34	69	10.12
34	70	30.02
34	71	21.56
34	72	30.6
34	73	13.23
34	74	148.0
34	75	100.3
34	76	31.43
34	77	20.68
34	78	16.54
34	79	4.135
34	80	10.75
34	81	5.789
34	82	0.827
34	83	1.654
34	84	31.45
34	85	23.98
34	87	16.54
34	88	9.098
34	90	9.925
34	91	19.89
34	92	43.83
34	93	10.75
34	94	15.71
34	95	14.06
34	96	0.827
34	97	3.308
34	98	61.37
34	100	49.78
34	101	92.71
34	102	134.3
34	103	6.617
34	104	7.444
34	105	28.95
34	106	12.41
34	107	11.58
34	108	0.827
35	1	31.45
35	3	60.38
35	5	7.444
35	6	43.05
35	7	5.789
35	8	34.16
35	9	17.44
35	10	48.2
35	11	57.14
35	12	32.27
35	13	45.49
35	14	22.43
35	15	108.5
35	16	73.43
35	17	27.31
35	18	52.77
35	19	63.89
35	20	8.29
35	21	2.481
35	22	12.48
35	23	249.8
35	24	318.9
35	25	102.8
35	26	14.89
35	27	32.27
35	28	52.32
35	29	27.33
35	30	20.7
35	31	102.8
35	32	50.64
35	33	188.5
35	34	188.6
35	36	108.6
35	37	142.0
35	38	80.42
35	39	33.33
35	40	41.37
35	41	63.97
35	42	52.22
35	43	33.97
35	44	269.2
35	45	75.47
35	46	2.481
35	47	5.789
35	48	4.962
35	49	19.93
35	50	14.91
35	51	41.35
35	52	17.37
35	53	26.49
35	54	2.481
35	55	2.519
35	56	3.308
35	57	8.271
35	58	3.308
35	59	2.481
35	60	1.654
35	61	7.482
35	62	10.75
35	63	17.39
35	64	10.75
35	65	9.925
35	68	28.43
35	69	8.442
35	70	27.48
35	71	11.58
35	72	20.68
35	73	5.789
35	74	135.7
35	75	88.43
35	76	32.26
35	77	9.925
35	78	14.89
35	79	4.135
35	80	9.098
35	81	7.444
35	82	4.135
35	84	14.91
35	85	23.98
35	86	2.481
35	87	12.41
35	88	3.308
35	90	13.23
35	91	19.02
35	92	31.43
35	93	18.21
35	94	14.94
35	95	19.02
35	96	1.654
35	97	2.481
35	98	38.45
35	99	0.827
35	100	39.79
35	101	81.94
35	102	141.0
35	103	8.271
35	104	7.444
35	105	24.0
35	106	8.271
35	107	5.809
35	108	0.827
36	1	22.35
36	3	32.26
36	5	5.789
36	6	15.73
36	7	7.444
36	8	13.29
36	9	10.75
36	10	27.33
36	11	33.93
36	12	14.06
36	13	28.97
36	14	9.963
36	15	55.47
36	16	24.02
36	17	18.23
36	18	32.62
36	19	25.85
36	20	3.308
36	21	0.827
36	22	7.577
36	23	84.7
36	24	90.7
36	25	60.1
36	26	9.944
36	27	21.5
36	28	35.64
36	29	19.96
36	30	15.77
36	31	47.37
36	32	41.47
36	33	47.45
36	34	82.81
36	35	66.41
36	37	83.05
36	38	38.14
36	39	18.25
36	40	23.2
36	41	26.56
36	42	24.0
36	43	19.87
36	44	92.05
36	45	53.95
36	46	13.29
36	47	3.327
36	48	4.174
36	49	9.098
36	50	14.94
36	51	16.54
36	52	6.617
36	53	14.06
36	55	1.654
36	57	4.135
36	58	0.827
36	59	4.135
36	60	0.827
36	61	4.135
36	62	12.44
36	63	10.75
36	64	5.789
36	65	12.41
36	66	2.481
36	67	0.827
36	68	27.64
36	69	5.885
36	70	4.962
36	71	14.89
36	72	13.23
36	73	14.89
36	74	90.17
36	75	52.39
36	76	18.21
36	77	7.444
36	78	6.636
36	79	0.827
36	81	1.654
36	82	0.827
36	84	20.68
36	85	11.58
36	87	6.617
36	88	1.654
36	89	0.827
36	90	0.827
36	91	5.789
36	92	19.02
36	93	9.098
36	94	9.155
36	95	4.135
36	96	1.654
36	97	6.617
36	98	18.27
36	100	14.91
36	101	59.55
36	102	70.43
36	103	4.962
36	104	4.962
36	105	21.52
36	106	5.789
36	107	7.444
37	1	33.18
37	3	37.24
37	5	5.809
37	6	25.72
37	7	10.79
37	8	13.25
37	9	14.89
37	10	30.68
37	11	34.87
37	12	10.77
37	13	30.64
37	14	11.6
37	15	53.91
37	16	37.52
37	17	31.45
37	18	18.33
37	19	35.91
37	20	1.654
37	21	4.135
37	22	4.193
37	23	81.95
37	24	56.06
37	25	33.29
37	26	11.58
37	27	17.41
37	28	27.29
37	29	21.54
37	30	21.64
37	31	56.36
37	32	37.31
37	33	64.41
37	34	74.99
37	35	88.3
37	36	56.45
37	38	45.53
37	39	17.46
37	40	11.58
37	41	29.77
37	42	34.76
37	43	20.68
37	44	108.1
37	45	40.62
37	46	2.481
37	47	3.308
37	48	5.039
37	49	11.58
37	50	14.12
37	51	12.41
37	52	8.309
37	53	14.06
37	55	0.827
37	56	0.827
37	57	1.654
37	58	1.654
37	59	4.962
37	60	7.444
37	61	11.64
37	62	4.962
37	63	2.481
37	64	10.79
37	65	6.617
37	66	0.827
37	67	0.827
37	68	17.41
37	69	3.308
37	70	30.75
37	71	17.37
37	72	19.02
37	73	9.098
37	74	100.9
37	75	48.93
37	76	14.89
37	77	14.91
37	78	17.46
37	79	3.308
37	81	5.789
37	82	3.385
37	84	9.098
37	85	18.2
37	87	12.41
37	89	4.135
37	90	7.444
37	91	19.85
37	92	26.47
37	93	15.71
37	94	11.58
37	95	9.098
37	96	2.481
37	97	1.654
37	98	9.117
37	100	20.71
37	101	47.97
37	102	78.88
37	103	5.789
37	104	3.308
37	105	22.33
37	106	1.654
37	107	5.789
38	1	33.08
38	3	74.44
38	5	6.617
38	6	16.54
38	7	3.308
38	8	18.27
38	9	1.654
38	10	26.5
38	11	28.95
38	12	19.85
38	13	20.68
38	14	4.135
38	15	48.8
38	16	33.14
38	17	14.89
38	18	22.46
38	19	16.62
38	20	2.481
38	21	1.654
38	22	11.75
38	23	60.03
38	24	87.08
38	25	29.89
38	26	20.7
38	27	19.85
38	28	28.99
38	29	19.04
38	30	4.135
38	31	54.7
38	32	22.35
38	33	130.5
38	34	83.3
38	35	88.63
38	36	57.07
38	37	53.87
38	39	68.3
38	40	40.56
38	41	55.41
38	42	53.78
38	43	28.95
38	44	80.36
38	45	23.98
38	46	32.75
38	47	15.73
38	48	7.52
38	49	19.91
38	50	9.117
38	51	23.98
38	52	6.617
38	53	9.098
38	54	2.519
38	55	11.58
38	56	3.308
38	57	3.308
38	58	14.06
38	59	9.098
38	60	9.963
38	61	6.617
38	62	11.62
38	63	9.925
38	64	21.5
38	65	10.83
38	68	9.963
38	70	8.271
38	71	19.02
38	72	14.89
38	73	12.41
38	74	59.55
38	75	34.98
38	76	10.75
38	77	13.23
38	78	15.71
38	79	1.654
38	81	2.481
38	82	2.481
38	84	24.81
38	85	13.23
38	88	2.481
38	90	7.444
38	91	12.41
38	92	15.71
38	93	4.962
38	94	9.117
38	95	9.925
38	96	0.827
38	97	9.098
38	98	18.39
38	100	10.83
38	101	34.78
38	102	52.14
38	103	0.827
38	104	0.827
38	105	10.75
38	106	5.02
39	1	39.72
39	3	69.47
39	5	9.925
39	6	28.95
39	7	7.482
39	8	19.08
39	9	4.962
39	10	43.93
39	11	36.45
39	12	24.81
39	13	29.81
39	14	13.25
39	15	62.07
39	16	53.07
39	17	21.5
39	18	29.16
39	19	32.5
39	20	0.827
39	21	1.654
39	22	4.135
39	23	76.68
39	24	93.49
39	25	44.01
39	26	11.58
39	27	22.37
39	28	69.49
39	29	11.6
39	30	17.37
39	31	59.68
39	32	48.84
39	33	157.4
39	34	133.0
39	35	143.3
39	36	57.12
39	37	78.78
39	38	124.3
39	40	49.68
39	41	106.0
39	42	42.29
39	43	41.45
39	44	91.09
39	45	61.32
39	46	24.1
39	47	15.79
39	48	6.674
39	49	23.27
39	50	32.47
39	51	31.54
39	52	19.02
39	53	28.95
39	54	4.135
39	55	9.963
39	56	0.827
39	57	2.481
39	58	8.271
39	59	5.789
39	60	4.135
39	61	19.1
39	62	18.2
39	63	10.75
39	64	10.75
39	65	13.23
39	67	3.308
39	68	20.77
39	69	0.827
39	70	12.41
39	71	14.06
39	72	27.33
39	73	14.06
39	74	81.96
39	75	59.14
39	76	14.89
39	77	17.37
39	78	14.06
39	80	4.135
39	81	2.481
39	84	25.64
39	85	14.08
39	87	19.85
39	88	2.481
39	90	12.41
39	91	12.41
39	92	23.16
39	93	19.02
39	94	5.789
39	95	23.16
39	97	12.41
39	98	46.62
39	100	14.08
39	101	67.84
39	102	62.13
39	103	2.481
39	104	2.481
39	105	10.75
39	107	0.827
40	1	91.82
40	3	127.4
40	5	13.23
40	6	58.78
40	7	13.23
40	8	44.85
40	9	15.71
40	10	63.86
40	11	57.95
40	12	33.08
40	13	43.95
40	14	26.49
40	15	149.9
40	16	88.8
40	17	47.97
40	18	55.59
40	19	52.37
40	20	9.117
40	21	4.962
40	22	21.85
40	23	140.5
40	24	151.0
40	25	67.16
40	26	29.77
40	27	31.45
40	28	76.19
40	29	35.62
40	30	43.05
40	31	91.11
40	32	86.96
40	33	157.4
40	34	178.7
40	35	269.5
40	36	154.0
40	37	135.1
40	38	129.4
40	39	228.7
40	41	187.7
40	42	147.5
40	43	76.19
40	44	223.1
40	45	84.53
40	46	18.27
40	47	30.77
40	48	43.64
40	49	88.01
40	50	54.06
40	51	92.71
40	52	41.39
40	53	54.83
40	54	5.789
40	55	16.54
40	56	3.308
40	57	10.77
40	58	14.1
40	59	23.16
40	60	19.89
40	61	29.06
40	62	32.27
40	63	22.33
40	64	36.47
40	65	33.12
40	66	3.308
40	67	0.827
40	68	57.54
40	69	12.67
40	70	42.22
40	71	47.97
40	72	72.82
40	73	28.95
40	74	183.6
40	75	83.9
40	76	28.95
40	77	23.98
40	78	24.02
40	79	4.135
40	80	4.962
40	81	9.117
40	82	5.828
40	83	0.827
40	84	61.2
40	85	33.08
40	86	0.827
40	87	20.68
40	88	9.925
40	89	1.654
40	90	11.58
40	91	27.31
40	92	56.24
40	93	38.87
40	94	3.308
40	95	29.77
40	96	3.308
40	97	10.75
40	98	34.08
40	99	0.827
40	100	45.6
40	101	128.3
40	102	188.9
40	103	9.925
40	104	4.962
40	105	41.35
40	106	6.617
40	107	4.135
41	1	46.32
41	3	72.01
41	5	17.37
41	6	35.6
41	7	3.308
41	8	25.68
41	9	17.37
41	10	47.22
41	11	46.33
41	12	28.97
41	13	33.91
41	14	13.23
41	15	76.97
41	16	49.76
41	17	33.91
41	18	42.31
41	19	42.64
41	20	4.962
41	21	2.481
41	22	3.327
41	23	68.3
41	24	114.0
41	25	54.93
41	26	19.04
41	27	14.06
41	28	44.68
41	29	29.0
41	30	16.56
41	31	82.88
41	32	43.93
41	33	85.95
41	34	94.8
41	35	130.2
41	36	81.98
41	37	85.36
41	38	75.64
41	39	59.33
41	40	55.64
41	42	74.53
41	43	28.99
41	44	113.4
41	45	72.93
41	46	17.46
41	47	8.29
41	48	8.385
41	49	31.49
41	50	29.81
41	51	34.78
41	52	18.2
41	53	24.89
41	54	0.827
41	55	5.828
41	56	2.481
41	57	1.654
41	58	16.66
41	59	3.308
41	60	5.789
41	61	17.41
41	62	28.95
41	63	19.06
41	64	20.73
41	65	20.68
41	66	1.654
41	67	1.654
41	68	23.46
41	69	2.538
41	70	25.64
41	71	47.14
41	72	33.08
41	73	14.89
41	74	130.8
41	75	57.28
41	76	21.5
41	77	16.54
41	78	9.925
41	80	4.962
41	81	4.981
41	82	2.481
41	83	0.827
41	84	16.54
41	85	23.16
41	86	0.827
41	87	16.54
41	88	3.327
41	89	0.827
41	90	14.06
41	91	19.02
41	92	36.39
41	93	23.16
41	94	10.77
41	95	11.6
41	96	2.519
41	97	8.271
41	98	19.93
41	100	32.31
41	101	79.42
41	102	101.9
41	103	4.135
41	104	6.617
41	105	24.81
41	106	1.654
41	107	8.347
42	1	34.78
42	3	43.83
42	5	4.135
42	6	24.93
42	7	5.809
42	8	9.117
42	9	14.1
42	10	29.89
42	11	24.89
42	12	20.68
42	13	17.46
42	14	9.925
42	15	44.85
42	16	43.12
42	17	29.77
42	18	33.33
42	19	21.64
42	20	1.654
42	21	2.481
42	22	3.308
42	23	73.55
42	24	80.3
42	25	27.43
42	26	7.463
42	27	15.79
42	28	30.68
42	29	16.64
42	30	12.43
42	31	48.16
42	32	22.43
42	33	59.28
42	34	56.68
42	35	96.94
42	36	74.59
42	37	68.14
42	38	44.08
42	39	62.16
42	40	39.81
42	41	53.12
42	43	19.06
42	44	89.59
42	45	51.58
42	46	10.75
42	47	1.654
42	48	1.654
42	49	20.91
42	50	20.73
42	51	33.14
42	52	19.85
42	53	15.77
42	55	5.789
42	56	1.654
42	57	3.308
42	58	4.135
42	59	5.789
42	60	6.617
42	61	14.16
42	62	15.71
42	63	4.135
42	64	7.444
42	65	15.75
42	66	0.827
42	68	40.79
42	70	26.47
42	71	14.89
42	72	25.64
42	73	9.098
42	74	74.44
42	75	34.04
42	76	11.58
42	77	9.925
42	78	16.54
42	79	2.481
42	80	4.962
42	81	1.654
42	83	1.654
42	84	19.85
42	85	28.95
42	86	0.827
42	87	1.654
42	90	4.962
42	91	13.23
42	92	27.29
42	93	21.54
42	94	5.789
42	95	17.37
42	96	1.673
42	97	9.925
42	98	23.6
42	99	0.827
42	100	24.02
42	101	49.64
42	102	77.86
42	104	4.962
42	105	9.098
42	106	9.982
42	107	3.308
43	1	51.3
43	3	47.99
43	5	4.962
43	6	19.93
43	7	5.789
43	8	20.0
43	9	11.58
43	10	29.79
43	11	21.54
43	12	23.2
43	13	38.91
43	14	11.6
43	15	77.01
43	16	50.62
43	17	33.91
43	18	39.85
43	19	38.97
43	20	4.135
43	21	2.481
43	22	5.828
43	23	59.89
43	24	50.93
43	25	41.51
43	26	9.117
43	27	16.54
43	28	30.64
43	29	28.22
43	30	15.73
43	31	68.03
43	32	47.28
43	33	46.85
43	34	79.01
43	35	138.5
43	36	62.22
43	37	97.77
43	38	60.53
43	39	41.95
43	40	62.28
43	41	67.91
43	42	77.15
43	44	129.7
43	45	69.16
43	46	4.981
43	47	6.655
43	48	6.712
43	49	24.14
43	50	25.87
43	51	47.26
43	52	12.48
43	53	25.64
43	54	0.846
43	55	2.481
43	56	2.481
43	57	4.962
43	58	11.62
43	59	9.925
43	60	5.789
43	61	10.75
43	62	54.14
43	63	9.925
43	64	17.44
43	65	17.37
43	67	0.827
43	68	23.39
43	69	5.789
43	70	15.71
43	71	23.98
43	72	48.84
43	73	19.02
43	74	86.02
43	75	39.85
43	76	11.58
43	77	14.06
43	78	11.58
43	80	4.135
43	81	2.481
43	82	0.827
43	83	0.827
43	84	20.68
43	85	21.5
43	87	5.789
43	90	8.271
43	91	23.98
43	92	47.2
43	93	23.16
43	94	16.62
43	95	23.16
43	96	0.827
43	97	9.117
43	98	25.98
43	100	19.87
43	101	91.02
43	102	91.9
43	103	2.481
43	104	3.308
43	105	26.47
43	106	4.135
43	107	2.481
44	1	4.135
44	3	5.789
44	5	2.5
44	6	9.098
44	8	5.809
44	9	2.481
44	10	8.309
44	11	10.81
44	12	5.789
44	13	6.617
44	14	4.174
44	15	12.5
44	16	9.982
44	17	7.444
44	18	10.85
44	19	10.1
44	20	1.654
44	22	2.519
44	23	29.35
44	24	27.66
44	25	13.31
44	26	0.827
44	27	5.809
44	28	9.098
44	29	8.271
44	30	3.327
44	31	14.93
44	32	9.963
44	33	20.14
44	34	24.19
44	35	22.35
44	36	18.25
44	37	13.29
44	38	9.098
44	39	4.135
44	40	4.135
44	41	6.617
44	42	13.25
44	43	3.308
44	45	15.81
44	46	7.482
44	48	0.827
44	49	0.827
44	50	3.308
44	51	12.5
44	52	2.481
44	53	9.925
44	56	0.827
44	57	2.481
44	58	2.481
44	59	1.654
44	60	0.827
44	61	4.174
44	62	5.789
44	64	3.308
44	68	8.328
44	69	1.654
44	70	7.444
44	71	1.654
44	72	4.962
44	73	3.308
44	74	23.16
44	75	6.617
44	76	9.925
44	77	1.654
44	78	0.827
44	80	0.827
44	81	1.654
44	84	4.135
44	85	1.654
44	87	4.135
44	90	0.827
44	91	4.135
44	92	6.617
44	93	0.827
44	95	5.789
44	97	0.827
44	98	15.96
44	100	8.29
44	101	23.2
44	102	30.72
44	103	0.827
44	104	1.654
44	105	2.481
44	106	8.347
44	107	1.654
45	1	19.87
45	3	33.91
45	5	7.444
45	6	10.85
45	7	0.827
45	8	11.64
45	9	4.962
45	10	19.95
45	11	15.73
45	12	17.37
45	13	22.33
45	14	12.44
45	15	37.29
45	16	34.02
45	17	19.04
45	18	37.37
45	19	28.41
45	20	4.981
45	21	1.654
45	22	6.75
45	23	56.85
45	24	36.73
45	25	14.94
45	26	5.789
45	27	6.617
45	28	15.77
45	29	7.444
45	30	4.981
45	31	27.33
45	32	25.83
45	33	50.33
45	34	50.81
45	35	52.18
45	36	49.8
45	37	54.78
45	38	8.328
45	39	11.71
45	40	12.41
45	41	25.64
45	42	29.0
45	43	11.58
45	44	88.22
45	46	26.5
45	47	3.308
45	48	2.5
45	49	8.328
45	50	6.636
45	51	16.54
45	52	9.925
45	53	25.77
45	55	13.29
45	57	5.789
45	58	6.617
45	59	9.174
45	60	5.789
45	61	7.444
45	62	4.962
45	63	8.29
45	64	9.925
45	65	18.37
45	68	10.06
45	70	17.37
45	71	16.54
45	72	22.33
45	73	1.654
45	74	39.74
45	75	24.96
45	76	7.444
45	77	6.617
45	78	4.962
45	79	2.481
45	80	1.673
45	81	1.654
45	82	0.827
45	83	1.654
45	84	12.43
45	85	9.098
45	86	0.827
45	87	3.308
45	88	5.789
45	90	0.827
45	91	7.444
45	92	22.33
45	93	8.271
45	94	8.271
45	95	7.444
45	96	0.827
45	97	3.308
45	98	13.23
45	100	13.23
45	101	50.47
45	102	51.45
45	103	3.308
45	104	0.827
45	105	9.925
45	106	2.481
45	107	1.654
46	1	14.06
46	3	71.13
46	5	8.271
46	6	9.136
46	7	0.827
46	8	8.29
46	9	5.789
46	10	30.64
46	11	49.64
46	12	25.64
46	13	17.39
46	14	6.617
46	15	30.64
46	16	21.56
46	17	15.73
46	18	6.636
46	19	15.73
46	20	4.135
46	21	1.654
46	22	1.654
46	23	16.58
46	24	35.06
46	25	18.27
46	26	5.809
46	27	7.444
46	28	23.16
46	29	9.925
46	30	7.444
46	31	13.27
46	32	16.54
46	33	60.8
46	34	28.25
46	35	51.37
46	36	24.0
46	37	52.16
46	38	120.8
46	39	35.74
46	40	42.28
46	41	32.29
46	42	23.98
46	43	9.925
46	44	41.37
46	45	16.58
46	47	12.43
46	48	10.83
46	49	5.789
46	50	5.828
46	51	12.41
46	52	12.43
46	53	9.117
46	54	5.077
46	55	32.66
46	56	3.308
46	57	3.346
46	58	9.136
46	59	3.308
46	60	1.654
46	61	9.098
46	62	11.58
46	63	4.962
46	64	12.44
46	65	12.41
46	68	6.617
46	69	0.827
46	70	14.89
46	71	28.95
46	72	18.2
46	73	1.654
46	74	39.74
46	75	9.963
46	76	8.271
46	77	7.444
46	78	0.827
46	79	0.827
46	80	0.827
46	81	0.827
46	82	2.519
46	84	14.89
46	85	6.617
46	87	4.135
46	90	3.308
46	91	12.41
46	92	8.29
46	93	9.098
46	94	10.79
46	95	9.098
46	97	4.135
46	98	5.847
46	100	4.962
46	101	24.85
46	102	42.26
46	103	0.827
46	105	9.098
46	106	2.5
46	107	1.654
47	1	37.24
47	3	177.8
47	5	5.809
47	6	19.91
47	7	4.135
47	8	10.77
47	9	9.098
47	10	24.0
47	11	26.47
47	12	12.41
47	13	20.7
47	14	7.444
47	15	47.97
47	16	81.94
47	17	33.91
47	18	37.26
47	19	32.26
47	20	9.098
47	21	0.827
47	22	0.827
47	23	14.89
47	24	24.95
47	25	9.982
47	26	11.58
47	27	15.75
47	28	29.79
47	29	18.2
47	30	7.463
47	31	55.41
47	32	41.37
47	33	49.74
47	34	41.41
47	35	70.3
47	36	46.32
47	37	43.01
47	38	118.8
47	39	50.62
47	40	72.88
47	41	68.67
47	42	38.89
47	43	37.22
47	44	52.14
47	45	26.49
47	46	16.73
47	48	29.04
47	49	47.16
47	50	11.58
47	51	28.95
47	52	16.56
47	53	7.444
47	54	12.54
47	55	27.62
47	56	4.962
47	57	9.098
47	58	29.06
47	59	9.117
47	60	4.962
47	61	33.99
47	62	24.81
47	63	10.75
47	64	17.37
47	65	10.75
47	66	0.827
47	67	0.827
47	68	21.69
47	70	42.18
47	71	45.49
47	72	62.03
47	73	11.58
47	74	71.13
47	75	28.14
47	76	13.25
47	77	23.98
47	78	12.41
47	80	0.827
47	81	4.962
47	84	9.098
47	85	8.271
47	87	10.75
47	88	2.481
47	90	4.962
47	91	10.79
47	92	19.02
47	93	19.85
47	94	8.271
47	95	13.25
47	96	0.827
47	97	16.56
47	98	6.617
47	100	7.444
47	101	45.49
47	102	51.28
47	103	1.654
47	104	0.827
47	105	10.75
47	106	3.308
47	107	0.827
48	1	14.06
48	3	52.11
48	5	4.962
48	6	11.62
48	7	2.481
48	8	9.963
48	9	2.481
48	10	13.29
48	11	18.23
48	12	5.789
48	13	19.85
48	14	9.098
48	15	36.41
48	16	52.14
48	17	15.73
48	18	14.94
48	19	19.16
48	20	5.789
48	21	0.827
48	22	5.02
48	23	21.71
48	24	28.44
48	25	9.963
48	26	4.962
48	27	9.098
48	28	14.06
48	29	17.43
48	30	4.174
48	31	20.77
48	32	13.29
48	33	33.45
48	34	34.85
48	35	59.64
48	36	26.54
48	37	43.91
48	38	34.97
48	39	33.54
48	40	36.52
48	41	35.56
48	42	35.56
48	43	18.21
48	44	53.82
48	45	15.71
48	46	21.77
48	47	31.49
48	49	65.68
48	50	11.6
48	51	48.01
48	52	13.23
48	53	14.06
48	54	3.327
48	55	28.56
48	56	9.963
48	57	7.52
48	58	44.04
48	59	9.098
48	60	4.135
48	61	10.75
48	62	16.6
48	63	12.41
48	64	17.37
48	65	11.58
48	67	1.692
48	68	20.71
48	69	3.308
48	70	34.74
48	71	30.7
48	72	33.91
48	73	9.098
48	74	41.35
48	75	13.29
48	76	8.271
48	77	8.271
48	78	5.809
48	80	5.789
48	82	0.827
48	84	4.135
48	85	10.75
48	87	2.481
48	91	14.91
48	92	14.89
48	93	26.49
48	94	9.925
48	95	14.91
48	96	0.827
48	97	11.58
48	98	8.385
48	100	15.73
48	101	37.22
48	102	76.99
48	103	0.827
48	105	10.75
48	106	3.308
48	107	0.827
49	1	30.62
49	3	81.9
49	5	5.789
49	6	16.58
49	7	10.75
49	8	15.75
49	9	4.135
49	10	40.56
49	11	38.87
49	12	25.64
49	13	32.33
49	14	8.271
49	15	73.67
49	16	62.16
49	17	27.31
49	18	36.49
49	19	27.5
49	20	7.444
49	21	4.135
49	22	13.33
49	23	38.12
49	24	57.54
49	25	33.24
49	26	9.925
49	27	19.87
49	28	41.35
49	29	26.49
49	30	9.944
49	31	64.55
49	32	26.5
49	33	44.83
49	34	58.1
49	35	124.3
49	36	56.28
49	37	67.93
49	38	84.05
49	39	74.12
49	40	80.51
49	41	49.66
49	42	51.35
49	43	28.97
49	44	109.5
49	45	53.03
49	46	23.41
49	47	23.43
49	48	46.83
49	50	40.74
49	51	67.18
49	52	24.81
49	53	35.64
49	54	10.12
49	55	30.87
49	56	16.67
49	57	9.944
49	58	45.98
49	59	21.68
49	60	12.43
49	61	21.69
49	62	50.57
49	63	29.06
49	64	39.01
49	65	31.5
49	67	1.654
49	68	33.24
49	69	8.271
49	70	50.58
49	71	35.56
49	72	64.51
49	73	22.33
49	74	93.5
49	75	37.39
49	76	6.617
49	77	12.41
49	78	23.18
49	79	0.827
49	80	0.827
49	81	2.481
49	82	0.827
49	84	23.16
49	85	26.47
49	86	0.827
49	87	5.789
49	88	3.308
49	89	0.827
49	90	1.654
49	91	28.12
49	92	43.83
49	93	22.33
49	94	20.79
49	95	28.12
49	96	1.654
49	97	19.04
49	98	19.04
49	100	18.23
49	101	91.0
49	102	118.3
49	103	4.981
49	104	2.481
49	105	21.5
49	106	7.444
50	1	21.5
50	3	27.29
50	5	1.654
50	6	6.617
50	7	1.654
50	8	4.962
50	9	4.962
50	10	13.23
50	11	9.136
50	12	5.789
50	13	16.54
50	14	4.135
50	15	21.5
50	16	31.5
50	17	9.925
50	18	23.18
50	19	6.655
50	20	3.327
50	22	6.712
50	23	18.27
50	24	27.48
50	25	13.27
50	26	3.308
50	27	9.117
50	28	13.27
50	29	8.29
50	30	7.463
50	31	18.25
50	32	23.2
50	33	25.81
50	34	24.1
50	35	38.1
50	36	27.33
50	37	25.68
50	38	19.16
50	39	30.1
50	40	24.87
50	41	29.83
50	42	24.02
50	43	8.347
50	44	32.43
50	45	23.27
50	46	2.481
50	47	0.827
50	48	6.693
50	49	17.44
50	51	14.91
50	52	13.25
50	53	11.58
50	55	3.327
50	56	0.827
50	57	2.481
50	58	7.482
50	59	7.52
50	60	5.866
50	61	5.789
50	62	17.44
50	63	4.962
50	64	10.0
50	65	14.06
50	67	0.827
50	68	13.29
50	69	0.827
50	70	9.963
50	71	7.444
50	72	19.02
50	73	4.135
50	74	19.85
50	75	7.444
50	76	7.444
50	77	1.654
50	78	4.135
50	80	0.827
50	82	0.827
50	83	0.827
50	84	9.098
50	85	12.41
50	86	0.827
50	90	2.481
50	91	18.2
50	92	18.21
50	93	5.789
50	94	1.654
50	95	4.135
50	96	0.827
50	98	16.75
50	100	3.308
50	101	32.27
50	102	32.33
50	103	0.827
50	105	8.271
50	106	6.617
50	107	0.827
51	1	51.28
51	3	68.67
51	5	6.617
51	6	32.27
51	7	5.789
51	8	30.66
51	9	14.06
51	10	46.37
51	11	51.3
51	12	27.29
51	13	58.72
51	14	20.7
51	15	93.63
51	16	88.55
51	17	49.64
51	18	57.95
51	19	40.6
51	20	13.23
51	21	1.692
51	22	9.963
51	23	50.68
51	24	77.62
51	25	34.06
51	26	12.41
51	27	22.37
51	28	54.61
51	29	34.01
51	30	14.94
51	31	66.34
51	32	47.26
51	33	45.83
51	34	75.45
51	35	132.8
51	36	77.09
51	37	90.28
51	38	72.86
51	39	41.77
51	40	47.26
51	41	56.34
51	42	74.65
51	43	50.81
51	44	183.3
51	45	77.2
51	46	10.04
51	47	9.963
51	48	18.54
51	49	42.39
51	50	47.72
51	52	24.08
51	53	27.39
51	54	0.827
51	55	7.52
51	57	6.674
51	58	9.155
51	59	9.925
51	60	14.06
51	61	20.68
51	62	48.37
51	63	18.2
51	64	52.28
51	65	40.6
51	66	2.481
51	67	4.962
51	68	20.91
51	69	1.654
51	70	32.5
51	71	35.66
51	72	60.38
51	73	25.64
51	74	93.48
51	75	46.47
51	76	16.54
51	77	14.89
51	78	18.2
51	79	2.481
51	80	6.617
51	81	3.308
51	82	1.673
51	83	0.827
51	84	32.26
51	85	23.98
51	87	7.444
51	88	4.962
51	90	4.135
51	91	18.21
51	92	55.41
51	93	32.29
51	94	23.16
51	95	19.85
51	96	1.654
51	97	11.58
51	98	22.54
51	99	0.827
51	100	22.35
51	101	86.03
51	102	94.53
51	103	3.308
51	104	3.308
51	105	19.04
51	106	9.925
51	107	4.135
52	1	28.95
52	3	35.56
52	5	5.789
52	6	10.77
52	7	3.308
52	8	15.73
52	9	7.444
52	10	15.73
52	11	19.04
52	12	11.58
52	13	28.99
52	14	8.271
52	15	38.99
52	16	24.0
52	17	22.33
52	18	24.06
52	19	24.89
52	20	2.481
52	21	3.308
52	22	4.212
52	23	23.29
52	24	20.81
52	25	14.12
52	26	4.135
52	27	13.23
52	28	14.1
52	29	11.6
52	30	9.117
52	31	23.2
52	32	21.5
52	33	25.72
52	34	35.58
52	35	63.74
52	36	50.51
52	37	39.14
52	38	28.31
52	39	13.44
52	40	21.5
52	41	22.41
52	42	34.74
52	43	13.39
52	44	62.13
52	45	34.08
52	46	1.654
52	47	3.308
52	48	4.154
52	49	14.98
52	50	17.43
52	51	32.39
52	53	14.91
52	54	0.827
52	55	1.654
52	57	6.617
52	58	10.75
52	59	4.962
52	60	1.654
52	61	3.308
52	62	25.77
52	63	20.73
52	64	38.24
52	65	20.14
52	66	0.827
52	68	5.789
52	69	0.827
52	70	15.71
52	71	23.16
52	72	17.41
52	73	7.444
52	74	43.06
52	75	21.56
52	76	4.135
52	77	9.098
52	78	2.481
52	79	0.827
52	81	1.654
52	84	9.098
52	85	1.654
52	87	3.308
52	88	6.617
52	89	2.481
52	90	0.827
52	91	13.27
52	92	19.02
52	93	19.02
52	94	4.962
52	95	13.23
52	96	0.827
52	97	6.617
52	98	20.87
52	100	12.41
52	101	40.66
52	102	41.37
52	103	0.827
52	104	1.654
52	105	9.925
52	106	0.827
52	107	0.827
53	1	15.73
53	3	49.62
53	5	3.308
53	6	9.925
53	7	4.135
53	8	11.66
53	9	9.098
53	10	33.97
53	11	19.06
53	12	18.21
53	13	39.78
53	14	12.43
53	15	49.91
53	16	48.84
53	17	24.87
53	18	33.14
53	19	31.5
53	20	4.962
53	22	3.346
53	23	34.2
53	24	30.87
53	25	19.93
53	26	7.444
53	27	15.73
53	28	22.43
53	29	17.41
53	30	5.809
53	31	34.74
53	32	39.93
53	33	23.37
53	34	40.6
53	35	65.41
53	36	39.78
53	37	73.03
53	38	10.77
53	39	22.52
53	40	16.54
53	41	29.79
53	42	40.56
53	43	20.73
53	44	90.89
53	45	35.74
53	46	9.136
53	47	2.481
53	48	5.847
53	49	7.482
53	50	10.77
53	51	27.29
53	52	18.23
53	54	0.827
53	55	4.135
53	56	0.827
53	57	0.827
53	58	3.308
53	59	4.135
53	61	2.481
53	62	33.48
53	63	5.789
53	64	15.71
53	65	15.81
53	67	0.827
53	68	15.85
53	69	4.135
53	70	26.5
53	71	10.79
53	72	18.2
53	73	4.962
53	74	56.26
53	75	30.83
53	76	10.75
53	77	2.481
53	78	6.617
53	79	2.481
53	80	1.654
53	81	0.827
53	82	1.654
53	83	0.827
53	84	9.098
53	85	7.444
53	87	3.308
53	90	4.135
53	91	16.56
53	92	21.5
53	93	22.33
53	94	4.962
53	95	12.41
53	96	2.481
53	97	0.827
53	98	14.17
53	100	18.21
53	101	50.51
53	102	54.72
53	103	0.827
53	104	1.654
53	105	15.73
53	106	3.308
53	107	0.827
54	1	11.58
54	3	52.11
54	5	4.135
54	6	5.789
54	7	0.827
54	8	6.617
54	9	2.481
54	10	15.71
54	11	9.925
54	12	8.271
54	13	9.117
54	14	6.617
54	15	24.0
54	16	28.97
54	17	10.75
54	18	12.43
54	19	7.444
54	20	2.481
54	21	0.827
54	22	0.827
54	23	2.481
54	24	9.117
54	25	6.617
54	26	5.789
54	27	4.962
54	28	6.617
54	29	13.23
54	30	4.135
54	31	11.58
54	32	6.617
54	33	8.29
54	34	9.098
54	35	32.27
54	36	7.444
54	37	9.098
54	38	52.33
54	39	10.83
54	40	17.39
54	41	14.93
54	42	13.23
54	43	8.29
54	44	20.68
54	45	3.308
54	46	20.06
54	47	7.444
54	48	8.347
54	49	10.81
54	50	6.617
54	51	1.654
54	52	9.944
54	53	3.308
54	55	20.14
54	56	4.962
54	57	11.66
54	58	7.463
54	59	6.617
54	60	3.308
54	61	14.91
54	62	14.91
54	63	8.271
54	64	9.944
54	65	3.308
54	66	5.077
54	67	1.654
54	68	13.23
54	69	2.481
54	70	29.85
54	71	39.7
54	72	31.43
54	73	7.444
54	74	19.02
54	75	5.789
54	76	4.135
54	77	4.962
54	78	5.809
54	80	0.827
54	82	0.827
54	84	7.444
54	85	6.617
54	87	1.654
54	91	9.098
54	92	7.463
54	93	9.098
54	94	4.135
54	95	11.58
54	96	1.654
54	97	12.41
54	98	3.308
54	99	0.827
54	100	2.481
54	101	20.68
54	102	27.29
54	104	0.827
54	105	3.327
54	106	1.654
54	107	0.827
55	1	24.83
55	3	46.33
55	5	3.308
55	6	2.481
55	7	1.654
55	8	5.809
55	9	3.308
55	10	19.04
55	11	14.91
55	12	11.58
55	13	14.89
55	14	8.271
55	15	33.93
55	16	30.62
55	17	18.21
55	18	18.21
55	19	18.23
55	20	2.481
55	21	1.654
55	22	2.5
55	23	9.963
55	24	24.18
55	25	15.75
55	26	9.098
55	27	12.41
55	28	9.944
55	29	13.25
55	30	6.655
55	31	19.04
55	32	14.89
55	33	32.62
55	34	33.95
55	35	59.59
55	36	16.54
55	37	19.85
55	38	69.33
55	39	17.39
55	40	23.18
55	41	24.0
55	42	19.04
55	43	15.71
55	44	38.91
55	45	15.73
55	46	25.31
55	47	12.41
55	48	34.97
55	49	23.33
55	50	4.962
55	51	26.49
55	52	8.271
55	53	7.482
55	54	15.77
55	56	12.43
55	57	11.6
55	58	17.41
55	59	23.25
55	60	7.444
55	61	23.31
55	62	8.271
55	63	16.66
55	64	9.098
55	65	6.636
55	66	0.827
55	67	4.193
55	68	20.73
55	70	38.99
55	71	24.85
55	72	38.14
55	73	8.309
55	74	30.62
55	75	4.981
55	76	4.135
55	77	5.789
55	78	6.617
55	79	0.827
55	80	0.827
55	81	1.654
55	83	0.827
55	84	9.925
55	85	7.444
55	88	0.827
55	90	0.827
55	91	12.41
55	92	25.64
55	93	14.89
55	94	10.79
55	95	9.925
55	97	9.098
55	98	11.73
55	99	1.654
55	100	13.23
55	101	49.64
55	102	37.29
55	103	1.654
55	104	2.481
55	105	6.617
55	106	2.481
55	107	0.827
56	1	17.37
56	3	44.66
56	5	3.308
56	6	12.41
56	7	0.827
56	8	4.135
56	9	4.962
56	10	8.271
56	11	17.37
56	12	14.06
56	13	9.098
56	14	1.654
56	15	19.89
56	16	35.56
56	17	12.41
56	18	16.56
56	19	9.963
56	20	4.962
56	21	0.827
56	22	0.846
56	23	9.117
56	24	11.58
56	25	5.789
56	26	1.654
56	27	3.308
56	28	7.444
56	29	7.444
56	30	4.135
56	31	3.308
56	32	10.75
56	33	12.48
56	34	20.75
56	35	27.29
56	36	17.39
56	37	13.23
56	38	16.62
56	39	12.41
56	40	12.41
56	41	19.02
56	42	9.925
56	43	6.617
56	44	23.16
56	45	13.23
56	46	5.828
56	47	9.155
56	48	8.366
56	49	18.23
56	50	6.617
56	51	43.01
56	52	3.327
56	53	5.789
56	54	3.346
56	55	18.42
56	57	2.481
56	58	8.309
56	59	14.06
56	60	6.617
56	61	9.925
56	62	18.2
56	63	11.58
56	64	9.136
56	65	9.098
56	66	2.481
56	67	0.827
56	68	25.64
56	69	0.827
56	70	30.66
56	71	52.11
56	72	25.64
56	73	15.71
56	74	22.37
56	75	9.098
56	76	3.308
56	77	4.962
56	78	7.444
56	79	3.308
56	82	2.481
56	83	0.827
56	84	12.41
56	85	6.617
56	87	4.135
56	89	0.827
56	90	6.617
56	91	13.23
56	92	27.29
56	93	17.37
56	94	7.444
56	95	10.75
56	96	0.827
56	97	6.617
56	98	1.654
56	100	9.117
56	101	45.49
56	102	56.24
56	103	1.654
56	105	3.308
56	106	1.654
57	1	22.33
57	3	50.45
57	5	4.135
57	6	10.75
57	7	0.827
57	8	11.62
57	9	6.617
57	10	50.47
57	11	13.23
57	12	19.02
57	13	16.54
57	14	20.68
57	15	23.18
57	16	40.56
57	17	24.81
57	18	24.85
57	19	15.75
57	20	7.463
57	22	1.654
57	23	18.27
57	24	15.71
57	25	9.098
57	26	3.308
57	27	9.098
57	28	23.2
57	29	18.2
57	30	6.655
57	31	47.14
57	32	21.54
57	33	41.77
57	34	26.49
57	35	71.19
57	36	28.22
57	37	26.47
57	38	86.45
57	39	14.12
57	40	19.87
57	41	24.04
57	42	28.14
57	43	18.27
57	44	49.62
57	45	14.89
57	46	24.33
57	47	11.64
57	48	10.87
57	49	16.6
57	50	12.44
57	51	28.97
57	52	12.41
57	53	9.944
57	54	43.0
57	55	70.77
57	56	7.501
57	58	13.4
57	59	13.25
57	60	14.91
57	61	28.23
57	62	13.29
57	63	33.14
57	64	18.21
57	65	11.58
57	66	2.519
57	67	2.519
57	68	27.29
57	69	1.654
57	70	45.53
57	71	34.74
57	72	35.56
57	73	14.06
57	74	34.76
57	75	11.58
57	76	1.654
57	77	2.481
57	78	7.444
57	80	0.827
57	81	3.308
57	83	1.654
57	84	11.58
57	85	9.098
57	86	0.827
57	87	3.308
57	89	0.827
57	90	3.308
57	91	33.12
57	92	21.5
57	93	21.5
57	94	11.6
57	95	28.97
57	96	2.5
57	97	9.925
57	98	14.17
57	100	7.444
57	101	49.62
57	102	61.24
57	103	4.981
57	104	0.827
57	105	6.617
57	106	0.827
57	108	0.827
58	1	28.12
58	3	43.01
58	5	0.827
58	6	9.925
58	7	2.481
58	8	5.789
58	9	9.098
58	10	13.27
58	11	17.37
58	12	8.271
58	13	8.271
58	14	6.617
58	15	23.16
58	16	22.37
58	17	13.23
58	18	16.6
58	19	14.93
58	20	3.308
58	21	3.308
58	22	4.193
58	23	10.77
58	24	18.27
58	25	8.309
58	26	1.654
58	27	7.444
58	28	9.925
58	29	8.271
58	30	4.962
58	31	17.37
58	32	12.44
58	33	26.66
58	34	14.94
58	35	51.3
58	36	21.5
58	37	29.77
58	38	53.26
58	39	14.96
58	40	22.37
58	41	33.93
58	42	31.49
58	43	15.71
58	44	40.56
58	45	22.33
58	46	23.44
58	47	12.43
58	48	14.23
58	49	24.93
58	50	14.98
58	51	26.62
58	52	6.617
58	53	7.444
58	54	5.828
58	55	29.21
58	56	6.693
58	57	7.539
58	59	14.06
58	60	5.789
58	61	29.97
58	62	9.098
58	63	10.75
58	64	9.117
58	65	18.2
58	67	0.827
58	68	18.27
58	69	2.481
58	70	30.74
58	71	18.2
58	72	26.56
58	73	9.098
58	74	35.56
58	75	10.75
58	76	4.962
58	77	9.098
58	78	9.925
58	80	2.481
58	81	5.789
58	83	0.827
58	84	9.944
58	85	7.444
58	87	3.308
58	88	1.654
58	90	1.654
58	91	15.71
58	92	22.33
58	93	12.41
58	94	6.617
58	95	14.89
58	97	12.41
58	98	3.308
58	100	13.25
58	101	54.59
58	102	58.78
58	104	0.827
58	105	17.37
58	106	1.654
58	107	2.519
59	1	20.7
59	3	45.51
59	5	3.308
59	6	5.001
59	7	1.654
59	8	2.5
59	9	5.789
59	10	9.098
59	11	9.963
59	12	10.75
59	13	11.58
59	14	1.673
59	15	24.0
59	16	29.83
59	17	16.54
59	18	19.02
59	19	7.463
59	20	5.789
59	22	3.308
59	23	11.64
59	24	5.809
59	25	5.789
59	26	3.308
59	27	3.327
59	28	8.328
59	29	6.617
59	30	4.962
59	31	14.08
59	32	16.56
59	33	23.2
59	34	14.08
59	35	28.95
59	36	9.098
59	37	15.71
59	38	31.64
59	39	4.962
59	40	10.79
59	41	17.37
59	42	9.963
59	43	4.962
59	44	22.39
59	45	17.37
59	46	7.463
59	47	6.655
59	48	8.328
59	49	19.04
59	50	7.444
59	51	18.2
59	52	14.08
59	53	4.981
59	54	14.37
59	55	10.13
59	56	11.71
59	57	11.71
59	58	14.21
59	60	13.4
59	61	10.83
59	62	19.87
59	63	10.75
59	64	7.444
59	65	6.617
59	66	0.827
59	67	9.27
59	68	39.95
59	70	29.89
59	71	43.83
59	72	26.47
59	73	11.58
59	74	23.16
59	75	4.962
59	77	11.58
59	78	4.962
59	84	9.925
59	85	3.308
59	87	4.135
59	89	0.827
59	90	2.481
59	91	9.098
59	92	17.37
59	93	19.02
59	94	8.271
59	95	15.71
59	96	1.654
59	97	10.75
59	98	8.442
59	100	6.655
59	101	38.1
59	102	43.06
59	103	0.827
59	105	5.789
59	106	2.481
60	1	25.64
60	3	37.22
60	5	4.154
60	6	7.444
60	7	1.654
60	8	7.463
60	9	4.135
60	10	9.117
60	11	10.77
60	12	19.02
60	13	12.41
60	14	5.789
60	15	20.7
60	16	23.98
60	17	17.39
60	18	14.91
60	19	9.925
60	20	1.654
60	21	1.654
60	22	0.827
60	23	16.6
60	24	8.328
60	25	11.6
60	26	3.308
60	27	7.444
60	28	14.89
60	29	10.81
60	30	6.617
60	31	21.6
60	32	16.56
60	33	11.6
60	34	20.71
60	35	34.74
60	36	33.1
60	37	24.85
60	38	27.5
60	39	2.481
60	40	19.85
60	41	22.33
60	42	11.58
60	43	13.25
60	44	43.08
60	45	13.23
60	46	14.1
60	47	3.327
60	48	2.5
60	49	23.18
60	50	9.155
60	51	21.54
60	52	7.444
60	53	3.308
60	54	3.385
60	55	4.135
60	56	5.039
60	57	7.463
60	58	15.83
60	59	7.444
60	61	19.02
60	62	6.636
60	63	7.482
60	64	22.46
60	65	25.64
60	66	1.673
60	67	0.827
60	68	24.96
60	69	1.654
60	70	31.56
60	71	17.37
60	72	23.2
60	73	10.0
60	74	28.14
60	75	12.43
60	76	3.308
60	77	1.654
60	78	3.308
60	80	0.827
60	81	0.827
60	84	14.89
60	85	4.962
60	87	0.827
60	90	2.481
60	91	15.71
60	92	12.41
60	93	16.54
60	94	12.41
60	95	28.97
60	96	0.827
60	97	9.098
60	98	10.1
60	100	5.789
60	101	50.45
60	102	53.8
60	104	1.654
60	105	5.789
60	106	1.654
60	107	0.827
61	1	31.43
61	3	35.56
61	5	3.308
61	6	5.789
61	7	2.481
61	8	14.89
61	9	17.37
61	10	25.64
61	11	13.27
61	12	19.85
61	13	18.2
61	14	9.098
61	15	47.28
61	16	39.76
61	17	24.81
61	18	31.49
61	19	17.41
61	20	4.962
61	21	2.5
61	22	1.654
61	23	25.7
61	24	20.0
61	25	12.43
61	26	9.925
61	27	11.58
61	28	14.91
61	29	8.29
61	30	4.962
61	31	28.99
61	32	14.89
61	33	18.35
61	34	30.62
61	35	39.72
61	36	38.97
61	37	38.91
61	38	19.95
61	39	31.94
61	40	27.31
61	41	17.43
61	42	17.41
61	43	26.5
61	44	61.24
61	45	43.97
61	46	18.33
61	47	5.789
61	48	9.193
61	49	34.08
61	50	9.117
61	51	35.75
61	52	15.75
61	53	23.2
61	54	2.519
61	55	16.73
61	56	9.963
61	57	10.77
61	58	18.48
61	59	8.271
61	60	20.83
61	62	26.64
61	63	19.91
61	64	26.49
61	65	19.06
61	66	1.654
61	67	3.308
61	68	36.47
61	69	6.617
61	70	36.56
61	71	33.12
61	72	25.64
61	73	14.89
61	74	37.22
61	75	12.41
61	76	5.789
61	77	8.271
61	78	14.89
61	79	3.308
61	80	0.827
61	81	0.827
61	82	0.827
61	83	0.827
61	84	10.75
61	85	16.54
61	87	3.308
61	88	2.481
61	91	19.85
61	92	22.33
61	93	17.37
61	94	11.6
61	95	31.47
61	96	4.193
61	97	19.02
61	98	15.06
61	100	18.21
61	101	62.95
61	102	81.15
61	103	2.481
61	104	0.827
61	105	14.06
61	106	3.308
61	108	0.827
62	1	37.22
62	3	58.72
62	5	7.444
62	6	19.89
62	7	8.29
62	8	11.62
62	9	9.117
62	10	34.78
62	11	28.14
62	12	22.35
62	13	26.49
62	14	6.617
62	15	57.99
62	16	60.49
62	17	33.91
62	18	36.41
62	19	34.02
62	20	14.91
62	21	7.444
62	22	3.327
62	23	41.43
62	24	25.77
62	25	19.87
62	26	10.75
62	27	10.75
62	28	30.6
62	29	21.54
62	30	8.271
62	31	42.24
62	32	30.68
62	33	32.48
62	34	33.18
62	35	77.88
62	36	40.53
62	37	54.62
62	38	27.41
62	39	23.43
62	40	49.8
62	41	53.8
62	42	45.58
62	43	22.41
62	44	79.46
62	45	34.87
62	46	5.789
62	47	4.135
62	48	15.92
62	49	52.49
62	50	22.46
62	51	38.91
62	52	22.43
62	53	18.21
62	54	1.654
62	55	12.54
62	56	1.654
62	57	1.654
62	58	15.89
62	59	9.098
62	60	19.1
62	61	36.58
62	63	27.56
62	64	37.37
62	65	24.06
62	66	1.654
62	67	1.692
62	68	16.66
62	69	3.308
62	70	33.29
62	71	23.98
62	72	44.66
62	73	20.68
62	74	71.15
62	75	18.2
62	76	9.925
62	77	7.444
62	78	6.617
62	80	1.654
62	81	3.308
62	83	0.827
62	84	17.37
62	85	7.444
62	87	5.789
62	88	2.481
62	89	3.308
62	90	3.308
62	91	28.18
62	92	51.39
62	93	33.91
62	94	11.58
62	95	23.16
62	96	1.654
62	97	10.75
62	98	20.0
62	99	0.827
62	100	19.85
62	101	62.03
62	102	74.51
62	103	1.654
62	105	21.5
62	106	0.827
62	107	1.654
63	1	23.18
63	3	35.58
63	5	4.135
63	6	6.617
63	7	3.308
63	8	8.271
63	9	4.962
63	10	28.14
63	11	11.6
63	12	14.06
63	13	27.29
63	14	9.098
63	15	28.2
63	16	33.12
63	17	19.87
63	18	19.85
63	19	24.83
63	20	8.328
63	21	5.809
63	22	4.135
63	23	19.06
63	24	19.87
63	25	11.58
63	26	3.327
63	27	9.925
63	28	12.44
63	29	12.43
63	30	4.981
63	31	33.12
63	32	21.54
63	33	22.46
63	34	28.14
63	35	50.57
63	36	36.41
63	37	39.76
63	38	34.85
63	39	13.35
63	40	18.2
63	41	18.23
63	42	22.37
63	43	8.29
63	44	41.41
63	45	11.62
63	46	4.135
63	47	1.654
63	48	4.174
63	49	9.136
63	50	6.655
63	51	24.87
63	52	16.67
63	53	9.925
63	54	1.673
63	55	4.174
63	56	3.346
63	57	6.655
63	58	10.92
63	59	8.271
63	60	3.308
63	61	14.23
63	62	15.79
63	64	11.71
63	65	25.7
63	66	1.654
63	67	3.327
63	68	9.944
63	69	12.44
63	70	43.35
63	71	43.1
63	72	22.33
63	73	16.54
63	74	28.22
63	75	9.944
63	76	1.654
63	77	4.135
63	78	9.925
63	81	2.481
63	83	0.827
63	84	9.098
63	85	14.06
63	87	2.481
63	90	1.654
63	91	22.45
63	92	28.12
63	93	27.29
63	94	10.75
63	95	18.2
63	97	4.962
63	98	9.925
63	100	13.23
63	101	56.24
63	102	66.2
63	103	3.308
63	104	0.827
63	105	11.58
63	106	4.962
64	1	29.77
64	3	50.49
64	5	7.444
64	6	24.81
64	7	6.617
64	8	11.58
64	9	12.41
64	10	33.1
64	11	21.52
64	12	19.87
64	13	37.26
64	14	17.37
64	15	46.41
64	16	86.11
64	17	44.68
64	18	53.89
64	19	60.57
64	20	11.58
64	21	3.308
64	22	1.654
64	23	23.16
64	24	18.31
64	25	14.12
64	26	7.444
64	27	14.06
64	28	21.5
64	29	14.12
64	30	11.58
64	31	34.76
64	32	32.37
64	33	21.56
64	34	43.99
64	35	74.47
64	36	49.7
64	37	55.51
64	38	17.43
64	39	11.64
64	40	19.04
64	41	22.35
64	42	53.82
64	43	19.87
64	44	71.51
64	45	32.27
64	46	4.154
64	47	3.327
64	48	9.193
64	49	12.43
64	50	9.174
64	51	38.1
64	52	21.77
64	53	19.89
64	54	1.654
64	55	2.481
64	56	4.135
64	57	3.308
64	58	8.328
64	59	8.271
64	60	6.617
64	61	14.89
64	62	40.04
64	63	30.02
64	65	69.84
64	66	2.481
64	67	3.346
64	68	11.66
64	69	0.827
64	70	31.71
64	71	48.87
64	72	32.35
64	73	34.74
64	74	60.49
64	75	24.02
64	76	14.89
64	77	9.098
64	78	11.58
64	79	1.654
64	81	5.789
64	83	0.827
64	84	21.54
64	85	4.135
64	86	0.827
64	87	4.135
64	88	2.481
64	89	0.827
64	91	20.68
64	92	49.62
64	93	33.93
64	94	8.271
64	95	23.16
64	96	3.308
64	97	11.58
64	98	9.174
64	100	14.08
64	101	73.63
64	102	96.84
64	103	4.962
64	104	1.654
64	105	12.41
64	106	3.308
64	107	2.481
65	1	92.67
65	3	158.8
65	5	9.098
65	6	28.14
65	7	9.925
65	8	33.14
65	9	14.89
65	10	74.53
65	11	39.76
65	12	47.14
65	13	82.73
65	14	27.29
65	15	127.6
65	16	205.3
65	17	127.5
65	18	130.2
65	19	156.6
65	20	58.8
65	21	14.14
65	22	2.481
65	23	47.28
65	24	44.8
65	25	25.72
65	26	14.06
65	27	26.47
65	28	33.91
65	29	43.95
65	30	14.08
65	31	72.78
65	32	35.6
65	33	58.12
65	34	50.6
65	35	135.7
65	36	86.15
65	37	95.23
65	38	24.06
65	39	14.08
65	40	26.49
65	41	49.68
65	42	65.36
65	43	57.07
65	44	178.3
65	45	68.78
65	46	12.44
65	47	5.789
65	48	5.789
65	49	37.28
65	50	21.56
65	51	72.07
65	52	31.54
65	53	48.87
65	55	7.501
65	56	3.308
65	57	4.962
65	58	15.75
65	59	16.54
65	60	5.789
65	61	25.87
65	62	43.12
65	63	60.64
65	64	69.95
65	66	2.481
65	67	0.846
65	68	18.25
65	69	0.827
65	70	59.84
65	71	95.15
65	72	82.82
65	73	75.34
65	74	101.8
65	75	24.81
65	76	15.73
65	77	14.89
65	78	16.54
65	80	2.481
65	81	2.481
65	82	4.135
65	83	0.827
65	84	29.77
65	85	8.271
65	87	8.271
65	88	0.827
65	89	1.654
65	90	3.308
65	91	48.8
65	92	121.6
65	93	121.8
65	94	9.925
65	95	31.43
65	96	7.52
65	97	9.925
65	98	17.6
65	99	5.904
65	100	33.99
65	101	93.48
65	102	120.0
65	103	1.654
65	104	5.789
65	105	22.33
65	106	4.135
65	107	4.135
65	108	0.827
66	1	8.271
66	3	40.55
66	5	0.827
66	6	3.308
66	7	3.308
66	8	4.135
66	9	2.481
66	10	9.098
66	11	11.58
66	12	1.654
66	13	4.962
66	14	3.308
66	15	13.25
66	16	28.14
66	17	28.12
66	18	19.06
66	19	12.41
66	20	3.308
66	23	2.481
66	24	5.789
66	25	3.308
66	26	4.962
66	27	4.135
66	28	4.962
66	29	5.789
66	30	2.481
66	31	6.636
66	32	7.444
66	33	6.617
66	34	4.154
66	35	14.89
66	36	8.271
66	37	9.925
66	38	2.5
66	39	3.308
66	40	4.135
66	41	9.925
66	42	8.271
66	43	9.925
66	44	14.89
66	45	10.85
66	46	2.481
66	47	2.481
66	48	1.654
66	49	6.617
66	50	5.847
66	51	13.23
66	52	3.327
66	53	1.654
66	55	2.481
66	56	0.827
66	57	0.827
66	58	5.789
66	59	1.654
66	60	6.636
66	61	12.41
66	62	15.71
66	63	9.098
66	64	4.154
66	65	4.154
66	67	0.827
66	68	9.098
66	69	4.135
66	70	29.81
66	71	23.2
66	72	34.76
66	73	6.617
66	74	9.098
66	75	3.308
66	78	1.654
66	82	1.673
66	84	6.617
66	85	3.308
66	87	1.654
66	91	9.098
66	92	4.135
66	93	10.75
66	94	16.64
66	95	35.56
66	97	9.098
66	98	4.174
66	100	4.962
66	101	27.31
66	102	29.77
66	103	1.654
66	105	7.444
66	107	2.481
67	1	9.925
67	3	26.49
67	5	4.962
67	6	2.481
67	7	4.135
67	8	4.962
67	9	0.827
67	10	7.444
67	11	9.925
67	12	4.135
67	13	8.271
67	14	1.673
67	15	12.41
67	16	17.37
67	17	21.5
67	18	9.925
67	19	3.308
67	20	2.481
67	22	0.827
67	23	3.308
67	24	0.827
67	25	3.308
67	26	3.308
67	27	0.827
67	28	4.135
67	29	7.444
67	30	1.654
67	31	9.098
67	32	5.789
67	33	8.271
67	34	2.481
67	35	14.89
67	36	5.789
67	37	6.617
67	38	5.809
67	39	2.481
67	40	5.789
67	41	5.789
67	42	4.962
67	43	5.866
67	44	10.75
67	45	4.962
67	46	1.654
67	49	5.789
67	50	2.5
67	51	5.809
67	52	4.135
67	53	2.481
67	54	1.654
67	55	3.327
67	56	1.654
67	57	0.827
67	58	0.827
67	59	6.617
67	60	0.827
67	61	4.962
67	62	4.135
67	63	4.962
67	64	7.444
67	65	1.654
67	66	4.135
67	68	13.27
67	69	4.962
67	70	37.28
67	71	31.49
67	72	20.7
67	73	3.308
67	74	12.41
67	75	1.654
67	76	0.827
67	77	0.827
67	84	4.962
67	87	0.827
67	91	7.444
67	92	9.925
67	93	6.617
67	94	2.481
67	95	8.309
67	97	0.827
67	98	1.692
67	100	1.654
67	101	23.16
67	102	11.6
67	103	1.654
67	105	3.308
67	106	1.654
68	1	67.82
68	3	202.6
68	5	5.789
68	6	20.73
68	7	7.444
68	8	19.04
68	9	14.91
68	10	41.35
68	11	27.29
68	12	19.02
68	13	37.22
68	14	16.56
68	15	57.11
68	16	97.61
68	17	51.28
68	18	43.85
68	19	39.76
68	20	15.71
68	21	2.481
68	22	3.308
68	23	15.75
68	24	21.56
68	25	13.27
68	26	14.06
68	27	6.617
68	28	29.81
68	29	28.95
68	30	9.098
68	31	46.32
68	32	20.68
68	33	46.49
68	34	28.2
68	35	56.28
68	36	27.29
68	37	55.45
68	38	59.87
68	39	14.1
68	40	37.26
68	41	40.53
68	42	33.08
68	43	38.93
68	44	56.3
68	45	40.55
68	46	10.0
68	47	17.37
68	48	8.271
68	49	30.62
68	50	18.2
68	51	45.51
68	52	23.98
68	53	20.68
68	54	18.46
68	55	27.58
68	56	9.117
68	57	44.89
68	58	25.75
68	59	31.49
68	60	30.77
68	61	43.93
68	62	32.26
68	63	42.18
68	64	24.83
68	65	31.45
68	67	19.98
68	69	8.271
68	70	112.7
68	71	160.5
68	72	138.9
68	73	52.11
68	74	54.61
68	75	14.06
68	76	11.58
68	77	12.41
68	78	8.271
68	79	0.827
68	82	1.654
68	84	11.58
68	85	14.89
68	87	7.444
68	88	2.481
68	89	0.827
68	90	3.308
68	91	48.01
68	92	65.34
68	93	44.66
68	94	22.43
68	95	54.59
68	96	2.481
68	97	26.49
68	98	9.136
68	100	14.08
68	101	99.32
68	102	157.3
68	103	0.827
68	104	3.308
68	105	15.71
68	106	2.481
69	1	14.06
69	3	23.16
69	5	1.654
69	6	2.481
69	7	1.654
69	9	0.827
69	10	4.135
69	11	4.135
69	12	3.308
69	13	5.789
69	14	0.827
69	15	12.41
69	16	8.271
69	17	9.098
69	18	4.962
69	19	3.308
69	20	2.481
69	22	0.827
69	23	1.654
69	25	1.654
69	26	2.481
69	27	0.827
69	28	3.327
69	29	6.636
69	31	7.444
69	32	1.654
69	33	7.444
69	34	2.481
69	35	6.617
69	36	7.444
69	37	4.962
69	38	4.154
69	39	1.654
69	40	2.481
69	41	2.481
69	42	6.617
69	43	1.654
69	44	5.789
69	45	1.654
69	46	0.827
69	48	0.846
69	49	0.827
69	50	1.654
69	51	1.654
69	52	4.135
69	53	9.925
69	54	0.827
69	55	2.481
69	56	0.827
69	57	2.519
69	58	13.35
69	59	3.327
69	60	7.463
69	61	2.481
69	62	2.481
69	63	8.271
69	64	5.789
69	65	0.827
69	66	1.673
69	67	2.5
69	68	8.309
69	70	44.03
69	71	28.95
69	72	16.54
69	73	4.962
69	74	5.789
69	75	0.827
69	76	0.827
69	78	0.827
69	91	9.982
69	92	6.617
69	93	10.75
69	94	4.135
69	95	12.41
69	97	8.271
69	98	0.827
69	100	0.827
69	101	16.54
69	102	19.85
69	105	2.481
70	1	38.87
70	3	71.95
70	5	4.135
70	6	18.2
70	8	14.08
70	9	5.789
70	10	30.62
70	11	19.85
70	12	18.2
70	13	29.79
70	14	14.12
70	15	59.61
70	16	57.09
70	17	33.95
70	18	53.76
70	19	40.55
70	20	9.098
70	21	6.655
70	22	4.962
70	23	38.08
70	24	33.2
70	25	16.6
70	26	8.29
70	27	16.56
70	28	27.31
70	29	16.56
70	30	7.444
70	31	42.2
70	32	28.16
70	33	41.49
70	34	38.91
70	35	81.11
70	36	57.14
70	37	70.36
70	38	44.04
70	39	14.08
70	40	20.7
70	41	30.6
70	42	38.93
70	43	19.04
70	44	67.9
70	45	36.39
70	46	16.67
70	47	6.617
70	48	11.64
70	49	24.89
70	50	11.6
70	51	49.62
70	52	33.22
70	53	20.71
70	54	1.692
70	55	24.21
70	56	10.89
70	57	13.33
70	58	15.77
70	59	23.35
70	60	30.02
70	61	17.37
70	62	39.02
70	63	40.04
70	64	32.37
70	65	25.66
70	66	7.444
70	67	9.212
70	68	50.62
70	69	9.155
70	71	104.2
70	72	129.2
70	73	26.47
70	74	52.14
70	75	24.04
70	76	9.925
70	77	13.23
70	78	10.75
70	79	1.654
70	80	4.135
70	81	8.271
70	84	14.89
70	85	14.06
70	86	0.827
70	87	4.135
70	88	4.962
70	89	0.827
70	90	4.962
70	91	77.05
70	92	51.34
70	93	25.66
70	94	26.52
70	95	48.01
70	96	5.02
70	97	15.71
70	98	18.39
70	100	19.85
70	101	86.13
70	102	138.2
70	103	4.135
70	104	4.962
70	105	18.21
70	106	3.308
70	107	1.654
70	108	0.827
71	1	14.08
71	3	16.54
71	5	1.654
71	6	4.135
71	7	0.827
71	8	3.308
71	9	2.481
71	10	6.617
71	11	8.271
71	12	9.098
71	13	10.75
71	14	3.308
71	15	14.94
71	16	12.43
71	17	7.444
71	18	11.58
71	19	9.117
71	20	4.135
71	21	0.846
71	23	8.29
71	24	6.636
71	25	3.308
71	26	1.654
71	27	4.981
71	28	11.6
71	29	6.636
71	30	3.308
71	31	6.617
71	32	2.481
71	33	9.944
71	34	10.75
71	35	7.463
71	36	9.098
71	37	11.58
71	38	15.79
71	39	3.308
71	40	8.271
71	41	11.6
71	42	7.444
71	43	5.789
71	44	18.2
71	45	16.66
71	46	0.827
71	47	1.654
71	48	1.673
71	49	6.617
71	50	2.519
71	51	16.56
71	52	4.962
71	53	3.308
71	54	4.154
71	55	0.827
71	56	3.327
71	57	2.538
71	58	1.673
71	59	4.981
71	60	5.847
71	61	5.828
71	62	9.963
71	63	2.481
71	64	12.41
71	65	11.64
71	67	5.866
71	68	15.79
71	69	0.827
71	70	75.8
71	72	41.45
71	73	8.271
71	74	10.75
71	75	2.481
71	76	1.654
71	78	5.789
71	80	1.654
71	84	2.481
71	87	2.481
71	90	2.481
71	91	15.71
71	92	11.58
71	93	19.02
71	94	6.655
71	95	14.06
71	97	5.789
71	98	5.039
71	100	2.5
71	101	26.47
71	102	29.77
71	103	1.654
71	104	0.827
71	105	1.654
72	1	8.271
72	3	22.33
72	5	3.308
72	6	4.135
72	8	5.809
72	9	1.654
72	10	25.66
72	11	8.271
72	12	6.617
72	13	3.327
72	14	10.75
72	15	17.37
72	16	23.18
72	17	14.06
72	18	14.1
72	19	9.925
72	20	1.673
72	22	1.654
72	23	2.5
72	24	4.135
72	25	2.481
72	26	1.654
72	27	0.827
72	28	8.271
72	30	4.135
72	31	14.89
72	32	4.135
72	34	4.154
72	35	15.71
72	36	2.481
72	37	8.271
72	38	8.271
72	39	1.654
72	40	9.925
72	41	9.098
72	42	5.789
72	43	4.135
72	44	8.271
72	45	3.308
72	46	1.654
72	47	1.654
72	48	0.827
72	49	2.481
72	50	2.481
72	51	4.981
72	52	3.308
72	53	6.617
72	54	3.308
72	55	2.481
72	56	0.827
72	57	0.827
72	58	5.809
72	59	1.654
72	60	9.231
72	61	6.636
72	62	3.308
72	63	9.098
72	64	9.944
72	65	4.174
72	67	0.827
72	68	3.308
72	69	0.827
72	70	31.62
72	71	66.17
72	73	10.75
72	74	11.58
72	76	1.654
72	78	2.481
72	84	1.654
72	91	14.91
72	92	19.04
72	93	18.2
72	94	1.654
72	95	4.962
72	97	2.481
72	98	3.385
72	100	4.135
72	101	24.93
72	102	26.47
72	104	1.654
72	105	0.827
72	107	0.827
73	1	19.02
73	3	28.12
73	5	2.481
73	6	4.962
73	8	9.136
73	9	2.481
73	10	11.58
73	11	8.271
73	12	5.789
73	13	17.37
73	14	13.23
73	15	6.617
73	16	28.97
73	17	15.71
73	18	9.944
73	19	20.81
73	20	4.135
73	21	0.827
73	23	4.135
73	24	5.001
73	25	1.654
73	27	2.481
73	28	8.271
73	29	4.135
73	30	1.654
73	31	6.617
73	32	7.482
73	33	5.847
73	34	12.44
73	35	11.64
73	36	8.271
73	37	13.35
73	38	4.962
73	39	1.654
73	40	4.135
73	41	14.89
73	42	16.54
73	43	6.617
73	44	25.66
73	45	6.636
73	46	0.827
73	48	0.827
73	49	3.308
73	50	1.654
73	51	7.444
73	52	12.41
73	53	4.212
73	55	4.135
73	58	1.654
73	60	0.827
73	61	6.655
73	62	11.58
73	63	2.481
73	64	12.44
73	65	12.54
73	67	1.692
73	68	3.346
73	69	0.827
73	70	11.58
73	71	9.098
73	72	14.89
73	74	16.54
73	75	4.135
73	76	2.481
73	77	3.308
73	80	2.481
73	84	8.271
73	85	4.135
73	88	2.481
73	91	9.944
73	92	28.23
73	93	16.54
73	94	4.135
73	96	0.827
73	97	1.654
73	100	9.925
73	101	11.58
73	102	10.75
73	103	0.827
73	105	7.444
73	107	1.654
74	1	778.1
74	3	2328.0
74	5	78.65
74	6	132.5
74	7	45.49
74	8	83.67
74	9	71.99
74	10	146.6
74	11	78.59
74	12	56.28
74	13	125.8
74	14	76.99
74	15	166.3
74	16	169.0
74	17	132.3
74	18	75.43
74	19	88.84
74	20	9.925
74	21	5.02
74	22	10.02
74	23	201.9
74	24	199.6
74	25	208.4
74	26	200.3
74	27	194.0
74	28	232.8
74	29	330.2
74	30	145.2
74	31	234.1
74	32	200.3
74	33	119.4
74	34	127.9
74	35	310.5
74	36	217.0
74	37	397.4
74	38	69.89
74	39	44.7
74	40	63.8
74	41	101.8
74	42	96.88
74	43	62.9
74	44	279.3
74	45	122.5
74	46	11.67
74	47	7.463
74	48	8.385
74	49	39.72
74	50	28.16
74	51	68.68
74	52	55.49
74	53	58.72
74	54	1.654
74	55	4.135
74	56	2.481
74	57	5.789
74	58	9.925
74	59	27.29
74	60	14.96
74	61	24.81
74	62	47.14
74	63	37.22
74	64	59.55
74	65	63.76
74	67	4.962
74	68	53.91
74	69	6.655
74	70	65.38
74	71	47.97
74	72	76.13
74	73	56.28
74	91	23.98
74	92	101.7
74	93	54.59
74	94	14.16
74	95	24.81
74	96	1.654
74	97	18.2
74	98	11.62
74	100	31.45
74	101	123.3
74	102	300.4
74	110	4.962
75	1	125.8
75	3	172.9
75	5	5.789
75	6	20.75
75	7	6.617
75	8	12.46
75	9	9.944
75	10	28.12
75	11	19.06
75	12	11.58
75	13	23.98
75	14	8.29
75	15	33.08
75	16	22.33
75	17	14.06
75	18	25.75
75	19	32.47
75	20	3.308
75	22	5.058
75	23	117.4
75	24	107.0
75	25	70.68
75	26	33.1
75	27	36.49
75	28	55.55
75	29	38.91
75	30	30.77
75	31	58.76
75	32	35.62
75	33	52.33
75	34	57.33
75	35	84.44
75	36	57.97
75	37	61.28
75	38	8.328
75	39	10.77
75	40	14.12
75	41	48.01
75	42	21.5
75	43	9.925
75	44	67.82
75	45	28.95
75	46	19.85
75	47	4.135
75	48	0.827
75	49	7.444
75	50	9.136
75	51	4.135
75	52	8.271
75	53	4.962
75	55	1.654
75	57	0.827
75	59	1.654
75	60	4.962
75	61	4.135
75	62	12.41
75	63	6.617
75	64	9.136
75	65	13.23
75	66	1.654
75	68	20.7
75	69	2.519
75	70	44.62
75	71	9.925
75	72	8.309
75	73	4.962
75	91	0.827
75	92	18.23
75	93	9.098
75	94	2.481
75	95	4.962
75	97	2.481
75	98	12.52
75	99	0.827
75	100	7.444
75	101	23.2
75	102	73.7
75	110	0.846
76	1	133.2
76	3	369.7
76	5	13.23
76	6	19.85
76	7	5.789
76	8	14.14
76	9	6.617
76	10	31.43
76	11	5.789
76	12	3.308
76	13	11.58
76	14	4.135
76	15	37.29
76	16	24.06
76	17	15.71
76	18	14.06
76	19	17.56
76	20	2.5
76	22	18.2
76	23	27.31
76	24	20.89
76	25	29.77
76	26	27.35
76	27	49.62
76	28	56.66
76	29	41.37
76	30	20.68
76	31	46.32
76	32	48.03
76	33	33.2
76	34	23.16
76	35	48.05
76	36	52.2
76	37	56.26
76	38	3.308
76	39	8.271
76	40	21.54
76	41	26.47
76	42	15.71
76	43	10.75
76	44	52.99
76	45	9.098
76	46	4.135
76	48	2.481
76	49	8.271
76	50	11.58
76	51	7.444
76	52	14.89
76	53	3.346
76	56	2.481
76	57	1.692
76	59	6.617
76	60	5.789
76	61	3.308
76	63	1.654
76	64	19.02
76	65	29.77
76	68	16.62
76	69	2.481
76	70	9.925
76	71	2.481
76	72	14.06
76	73	4.962
76	91	1.654
76	92	31.43
76	93	14.08
76	94	5.828
76	95	4.962
76	97	0.827
76	98	4.154
76	100	11.58
76	101	33.08
76	102	74.51
76	110	1.654
77	3	87.67
77	22	43.83
77	23	160.5
77	24	150.5
77	29	50.45
77	92	5.789
77	93	0.827
77	98	4.174
77	100	4.981
77	101	9.925
77	102	32.26
77	110	0.827
78	1	17.39
78	3	23.18
78	5	1.654
78	6	8.271
78	7	2.481
78	8	10.75
78	9	1.654
78	10	9.098
78	11	9.925
78	12	3.308
78	13	8.29
78	14	0.827
78	15	19.02
78	16	6.617
78	17	5.789
78	18	2.481
78	19	4.962
78	20	2.481
78	22	5.039
78	23	52.83
78	24	47.81
78	25	20.81
78	26	7.463
78	27	10.77
78	28	31.56
78	29	7.444
78	30	8.271
78	31	25.7
78	32	9.944
78	33	14.94
78	34	23.25
78	35	52.93
78	36	26.47
78	37	38.16
78	38	6.617
78	39	2.481
78	40	4.962
78	41	18.2
78	42	18.2
78	43	3.327
78	44	41.56
78	45	43.56
78	46	4.174
78	47	0.827
78	49	1.654
78	50	2.481
78	51	1.654
78	52	2.481
78	53	7.444
78	55	0.827
78	57	1.654
78	59	2.481
78	60	3.308
78	61	3.308
78	62	3.308
78	63	3.308
78	64	1.654
78	65	3.308
78	68	18.46
78	69	1.654
78	70	5.077
78	71	1.654
78	72	4.962
78	73	4.193
78	92	5.789
78	94	0.827
78	95	0.827
78	97	0.827
78	98	4.174
78	100	0.827
78	101	7.444
78	102	16.54
79	1	29.77
79	3	66.18
79	5	2.481
79	6	11.58
79	7	7.463
79	8	11.69
79	9	9.925
79	10	22.39
79	11	15.77
79	12	15.71
79	13	21.5
79	14	4.154
79	15	14.93
79	16	2.481
79	17	10.75
79	18	0.827
79	19	2.5
79	20	0.827
79	22	0.827
79	23	33.29
79	24	28.54
79	25	9.944
79	26	12.43
79	27	14.08
79	28	14.89
79	29	15.75
79	30	13.31
79	31	29.77
79	32	3.308
79	33	10.06
79	34	29.2
79	35	50.53
79	36	28.18
79	37	44.04
79	38	2.481
79	39	5.904
79	40	5.789
79	41	11.58
79	42	14.93
79	43	9.963
79	44	53.09
79	45	29.93
79	46	1.654
79	47	3.308
79	50	9.136
79	51	3.308
79	52	6.617
79	53	4.962
79	55	0.827
79	56	1.654
79	58	1.654
79	59	2.481
79	60	10.75
79	61	0.827
79	62	0.827
79	63	5.789
79	64	4.962
79	65	3.308
79	68	1.654
79	70	1.654
79	71	4.962
79	72	3.308
79	73	3.308
79	92	4.135
79	93	1.654
79	94	0.827
79	95	1.654
79	98	0.827
79	100	0.827
79	101	14.08
79	102	11.58
79	110	2.481
80	1	19.85
80	3	68.65
80	5	1.654
80	6	4.962
80	7	3.308
80	8	4.981
80	9	4.962
80	10	14.06
80	11	5.789
80	12	7.463
80	13	3.308
80	15	8.271
80	16	1.654
80	17	1.654
80	18	12.54
80	19	10.06
80	20	0.827
80	23	20.1
80	24	6.693
80	25	2.481
80	26	2.481
80	27	15.77
80	28	3.308
80	29	9.944
80	30	6.617
80	31	17.39
80	32	8.309
80	33	6.617
80	34	15.79
80	35	18.23
80	36	17.41
80	37	14.94
80	38	0.827
80	39	4.135
80	40	8.347
80	41	9.136
80	42	7.444
80	43	9.098
80	44	25.64
80	45	5.789
80	47	1.654
80	49	3.308
80	50	3.308
80	51	3.308
80	53	1.654
80	57	1.654
80	61	6.617
80	62	3.308
80	63	3.308
80	64	3.308
80	68	1.692
80	71	1.692
80	72	1.654
80	91	1.654
80	92	4.135
80	93	1.654
80	95	1.654
80	96	5.077
80	100	1.654
80	101	7.444
80	102	13.25
80	110	5.809
81	1	3.308
81	3	9.925
81	6	1.654
81	7	0.827
81	8	1.654
81	9	2.481
81	10	4.135
81	11	3.327
81	12	3.308
81	13	0.827
81	14	0.827
81	15	9.117
81	16	2.481
81	17	3.308
81	19	1.692
81	23	19.21
81	24	13.33
81	25	11.75
81	26	9.925
81	27	3.327
81	28	11.62
81	29	7.444
81	30	2.481
81	31	15.73
81	32	8.271
81	33	10.87
81	34	11.62
81	35	32.26
81	36	15.73
81	37	22.43
81	38	4.193
81	39	2.481
81	40	3.308
81	41	10.75
81	42	9.098
81	43	2.481
81	44	20.68
81	45	26.79
81	46	2.519
81	48	0.827
81	49	4.135
81	50	5.001
81	51	6.617
81	53	3.308
81	58	1.654
81	59	1.654
81	62	6.617
81	64	1.654
81	70	1.654
81	72	4.962
81	73	6.617
81	91	1.654
81	92	8.271
81	95	1.654
81	107	1.654
82	1	4.135
82	3	0.827
82	5	0.827
82	6	3.308
82	8	1.654
82	9	3.308
82	10	2.481
82	11	0.827
82	12	2.481
82	13	0.827
82	15	1.654
82	16	0.827
82	19	1.673
82	20	0.827
82	23	3.366
82	24	5.039
82	25	7.482
82	26	1.654
82	27	1.673
82	28	0.846
82	29	2.5
82	30	0.846
82	31	8.385
82	32	4.154
82	33	5.039
82	34	4.135
82	35	7.444
82	36	2.481
82	37	8.271
82	41	1.673
82	44	3.308
82	45	6.617
82	48	1.654
82	51	4.962
82	61	4.154
82	64	7.539
82	65	1.654
82	70	3.385
82	71	3.346
82	72	3.308
82	92	3.308
82	107	0.827
83	1	0.827
83	3	2.481
83	6	0.827
83	8	1.654
83	10	2.481
83	11	3.308
83	13	0.827
83	15	1.654
83	16	0.827
83	19	1.673
83	20	0.827
83	23	4.154
83	24	3.346
83	25	2.481
83	26	1.654
83	29	4.962
83	31	2.481
83	32	0.827
83	34	0.827
83	35	4.135
83	36	9.925
83	37	6.617
83	38	0.827
83	40	2.481
83	42	1.654
83	44	3.308
83	50	1.654
83	71	1.654
84	1	655.4
84	3	167.1
84	5	11.58
84	6	38.87
84	7	7.444
84	8	17.37
84	9	16.58
84	10	20.7
84	11	23.18
84	12	18.2
84	13	33.91
84	14	20.7
84	15	29.79
84	16	25.64
84	17	19.02
84	18	5.001
84	19	9.098
84	20	1.654
84	23	33.33
84	24	24.19
84	25	21.66
84	26	9.098
84	27	18.2
84	28	38.16
84	29	56.26
84	30	24.81
84	31	36.43
84	32	29.79
84	33	19.12
84	34	45.68
84	35	39.72
84	36	34.78
84	37	71.22
84	38	0.827
84	39	0.827
84	40	7.444
84	41	14.89
84	42	31.43
84	43	6.617
84	44	54.78
84	45	20.68
84	46	4.174
84	49	5.789
84	50	6.617
84	51	5.789
84	52	6.617
84	53	6.617
84	54	2.481
84	55	1.654
84	57	2.481
84	58	0.827
84	59	4.135
84	61	2.481
84	62	6.617
84	63	6.617
84	64	11.58
84	65	16.6
84	66	2.481
84	67	2.481
84	68	6.655
84	70	11.58
84	71	8.271
84	72	18.2
84	73	6.617
84	91	4.135
84	92	19.02
84	93	3.308
84	94	4.981
84	96	1.654
84	97	0.827
84	98	2.481
84	100	2.481
84	101	18.2
84	102	42.18
84	110	1.654
85	1	709.6
85	7	436.7
85	22	98.42
85	30	273.8
85	38	274.6
85	91	5.789
85	92	16.54
85	93	2.481
85	94	2.5
85	95	1.654
85	97	1.654
85	100	9.925
85	101	26.47
85	102	79.44
86	1	2.481
86	3	8.271
86	15	3.308
86	19	1.654
86	23	0.827
86	28	0.827
86	29	0.827
86	31	2.481
86	32	1.673
86	35	1.654
86	40	0.827
86	41	4.174
86	43	1.654
86	44	3.308
86	46	1.654
86	53	1.654
86	64	1.654
86	67	1.692
86	70	1.654
86	94	0.827
86	96	0.827
86	101	0.827
86	102	0.827
87	1	33.91
87	3	119.9
87	5	0.827
87	6	7.463
87	7	0.827
87	8	11.6
87	9	4.962
87	10	11.6
87	11	5.789
87	12	3.308
87	13	9.117
87	15	19.85
87	16	13.23
87	17	6.617
87	18	20.02
87	19	20.89
87	20	0.827
87	22	0.827
87	23	41.47
87	24	39.06
87	25	24.95
87	26	23.16
87	27	19.85
87	28	32.27
87	29	22.37
87	30	17.39
87	31	31.43
87	32	27.45
87	33	30.29
87	34	29.27
87	35	66.24
87	36	37.22
87	37	38.91
87	38	3.308
87	39	0.827
87	40	4.962
87	41	15.75
87	42	14.93
87	43	4.962
87	44	44.08
87	45	24.02
87	46	4.135
87	48	1.654
87	49	4.135
87	51	9.136
87	52	3.346
87	53	4.174
87	55	5.001
87	58	3.308
87	59	1.654
87	60	1.654
87	61	4.962
87	62	10.75
87	63	1.654
87	65	3.308
87	67	3.308
87	68	3.308
87	69	1.654
87	70	3.308
87	71	1.654
87	73	1.654
87	91	0.827
87	92	6.617
87	94	0.846
87	95	0.827
87	100	1.673
87	107	0.827
88	1	13.25
88	3	19.02
88	6	4.135
88	7	0.827
88	8	4.154
88	9	1.654
88	10	3.308
88	11	2.481
88	12	6.617
88	13	2.481
88	15	12.41
88	16	1.654
88	18	1.654
88	19	1.654
88	20	0.846
88	23	11.62
88	24	10.92
88	25	4.962
88	26	4.962
88	27	4.962
88	28	5.809
88	29	9.098
88	30	4.135
88	31	9.098
88	32	11.58
88	33	4.154
88	34	2.5
88	35	20.68
88	36	8.271
88	37	24.02
88	38	2.481
88	40	2.481
88	41	16.54
88	42	2.481
88	43	0.827
88	44	8.271
88	45	11.66
88	47	2.481
88	49	2.5
88	50	1.654
88	51	0.827
88	52	1.654
88	53	4.962
88	60	1.654
88	61	3.308
88	62	1.654
88	63	1.654
88	65	3.308
88	68	3.308
88	70	4.962
88	71	3.308
88	73	1.654
88	92	4.154
88	95	2.481
88	101	6.617
88	102	43.03
89	1	12.41
89	3	14.06
89	5	0.827
89	6	1.654
89	8	1.673
89	9	0.846
89	10	0.827
89	11	3.346
89	12	0.827
89	13	1.654
89	15	2.481
89	16	0.827
89	17	2.481
89	18	0.846
89	19	0.846
89	22	0.827
89	23	6.712
89	24	2.5
89	25	4.174
89	26	1.654
89	27	2.481
89	28	4.981
89	29	2.481
89	31	8.328
89	32	0.827
89	33	3.308
89	34	2.481
89	35	4.962
89	36	4.174
89	37	5.789
89	40	1.654
89	41	2.481
89	42	0.827
89	43	0.827
89	44	3.308
89	45	4.135
89	46	0.827
89	51	1.654
89	68	3.308
89	72	1.654
89	92	0.827
89	94	2.481
89	95	0.827
89	101	4.135
89	102	4.981
90	1	68.68
90	3	151.4
90	5	5.789
90	6	14.89
90	7	4.981
90	8	5.809
90	9	10.75
90	10	12.41
90	11	12.43
90	12	11.6
90	13	5.789
90	14	1.654
90	15	31.43
90	16	10.75
90	17	7.463
90	18	7.482
90	19	5.828
90	20	2.481
90	22	0.827
90	23	10.75
90	24	9.944
90	25	11.58
90	26	14.06
90	27	6.617
90	28	19.93
90	29	19.85
90	30	21.5
90	31	27.43
90	32	26.54
90	33	4.962
90	34	9.925
90	35	13.23
90	36	23.16
90	37	39.76
90	38	2.481
90	39	0.827
90	40	8.271
90	41	19.02
90	42	2.481
90	43	3.308
90	44	26.52
90	45	9.098
90	47	0.827
90	49	4.135
90	50	2.481
90	51	9.098
90	52	3.308
90	53	3.308
90	55	0.827
90	58	0.827
90	59	7.444
90	61	6.617
90	62	0.827
90	63	4.135
90	64	1.654
90	65	0.827
90	67	1.654
90	68	9.925
90	70	3.308
90	71	6.617
90	72	8.271
90	73	1.654
90	91	0.827
90	92	7.444
90	93	1.654
90	94	4.135
90	97	1.654
90	100	1.654
90	101	10.81
90	102	31.43
91	1	146.4
91	3	151.4
91	5	18.2
91	6	27.29
91	7	7.444
91	8	27.31
91	9	19.85
91	10	58.74
91	11	22.33
91	12	29.83
91	13	43.85
91	14	30.62
91	15	102.6
91	16	272.1
91	17	129.0
91	18	147.3
91	19	126.6
91	20	59.55
91	21	10.75
91	22	4.962
91	23	23.22
91	24	24.96
91	25	12.43
91	26	21.5
91	27	22.33
91	28	34.76
91	29	36.39
91	30	11.58
91	31	54.61
91	32	43.89
91	33	28.14
91	34	40.7
91	35	103.4
91	36	53.82
91	37	84.4
91	38	28.12
91	39	13.25
91	40	53.78
91	41	49.68
91	42	32.27
91	43	31.45
91	44	84.49
91	45	38.87
91	46	33.16
91	47	4.135
91	48	4.962
91	49	36.45
91	50	14.91
91	51	61.24
91	52	47.99
91	53	33.91
91	54	1.654
91	55	4.962
91	56	3.308
91	57	12.41
91	58	15.71
91	59	18.23
91	60	27.41
91	61	52.2
91	62	35.56
91	63	52.12
91	64	82.09
91	65	76.99
91	66	1.654
91	67	1.654
91	68	43.03
91	69	18.2
91	70	175.9
91	71	410.3
91	72	511.4
91	73	115.0
91	74	90.17
91	75	14.06
91	76	13.23
91	77	14.89
91	78	8.271
91	79	0.827
91	80	2.5
91	81	4.962
91	82	2.5
91	83	0.827
91	84	19.02
91	85	7.444
91	87	6.617
91	88	1.654
91	89	0.827
91	90	2.481
91	103	2.481
91	105	26.47
91	106	6.617
91	107	1.654
91	108	37.26
91	109	33.95
92	1	163.0
92	3	247.3
92	5	23.18
92	6	55.43
92	7	22.33
92	8	58.91
92	9	60.4
92	10	156.5
92	11	86.96
92	12	72.8
92	13	104.3
92	14	58.76
92	15	255.6
92	16	528.8
92	17	318.4
92	18	325.4
92	19	263.5
92	20	129.8
92	21	36.58
92	22	7.444
92	23	59.74
92	24	48.91
92	25	39.23
92	26	36.39
92	27	56.28
92	28	75.4
92	29	72.93
92	30	43.05
92	31	195.3
92	32	134.1
92	33	50.51
92	34	108.1
92	35	221.7
92	36	202.2
92	37	236.1
92	38	34.85
92	39	38.91
92	40	83.53
92	41	100.9
92	42	122.4
92	43	95.15
92	44	288.9
92	45	159.0
92	46	24.02
92	47	11.62
92	48	9.136
92	49	46.37
92	50	40.53
92	51	86.88
92	52	78.69
92	53	79.55
92	55	14.94
92	56	7.444
92	57	21.5
92	58	24.81
92	59	33.91
92	60	23.16
92	61	53.8
92	62	82.71
92	63	98.57
92	64	122.6
92	65	230.3
92	66	2.481
92	67	0.827
92	68	83.32
92	69	4.135
92	70	120.3
92	71	340.8
92	72	403.7
92	73	188.1
92	74	208.4
92	75	45.55
92	76	33.08
92	77	33.93
92	78	19.02
92	79	1.654
92	80	11.58
92	81	4.135
92	82	1.654
92	84	46.32
92	85	22.33
92	87	15.71
92	88	4.962
92	89	0.827
92	90	11.62
92	103	12.41
92	105	41.37
92	106	17.46
92	107	7.444
92	108	64.57
92	109	95.94
93	17	74.44
93	18	89.32
93	19	310.4
93	20	74.44
93	29	76.09
93	70	137.3
93	74	30.6
93	75	7.482
93	76	4.962
93	77	4.962
93	78	0.827
93	80	0.827
93	82	0.827
93	84	7.444
93	85	4.135
93	86	0.827
93	87	2.481
93	88	0.827
93	98	5.039
93	103	3.327
93	105	3.308
93	106	4.962
93	107	0.827
93	108	12.43
93	109	9.098
94	1	26.47
94	3	36.39
94	5	9.098
94	6	9.117
94	7	4.962
94	8	13.27
94	9	7.444
94	10	34.76
94	11	19.06
94	12	33.93
94	13	33.08
94	14	9.963
94	15	63.84
94	16	68.67
94	17	50.45
94	18	37.24
94	19	30.64
94	20	9.925
94	21	3.327
94	22	1.673
94	23	31.85
94	24	19.91
94	25	14.94
94	26	8.29
94	27	14.08
94	28	16.56
94	29	16.54
94	30	5.809
94	31	72.78
94	32	36.49
94	33	15.75
94	34	19.04
94	35	68.68
94	36	46.32
94	37	44.74
94	38	15.83
94	39	20.77
94	40	25.64
94	41	47.31
94	42	34.78
94	43	25.64
94	44	72.07
94	45	24.81
94	46	38.16
94	47	4.135
94	48	9.982
94	49	14.08
94	50	9.098
94	51	34.81
94	52	24.02
94	53	19.87
94	54	3.385
94	55	9.212
94	56	2.481
94	57	6.636
94	58	13.29
94	59	9.944
94	60	14.08
94	61	27.31
94	62	34.76
94	63	31.54
94	64	24.81
94	65	20.79
94	66	9.193
94	67	9.25
94	68	42.5
94	69	1.654
94	70	53.91
94	71	52.93
94	72	57.11
94	73	21.5
94	74	51.28
94	75	14.1
94	76	7.444
94	77	9.098
94	78	7.482
94	79	0.827
94	80	4.135
94	84	6.617
94	85	8.271
94	87	2.481
94	88	0.827
94	89	0.827
94	90	2.481
94	105	13.23
94	107	0.827
95	1	16.54
95	3	43.01
95	5	1.654
95	6	7.444
95	7	3.308
95	8	3.308
95	9	6.617
95	10	9.925
95	11	9.098
95	12	21.5
95	13	4.135
95	14	2.481
95	15	30.66
95	16	24.04
95	17	32.31
95	18	18.2
95	19	15.71
95	20	4.135
95	21	1.654
95	22	2.481
95	23	6.617
95	24	10.81
95	25	1.654
95	26	2.481
95	27	1.654
95	28	4.962
95	29	6.617
95	30	8.271
95	31	10.75
95	32	11.58
95	33	9.308
95	34	4.962
95	35	16.6
95	36	21.5
95	37	24.23
95	38	3.308
95	39	8.271
95	40	9.925
95	41	17.37
95	42	17.37
95	43	11.58
95	44	30.6
95	45	28.12
95	46	4.135
95	47	6.617
95	48	1.654
95	49	4.135
95	50	8.271
95	51	14.06
95	52	10.75
95	53	9.098
95	55	1.654
95	56	10.02
95	57	1.654
95	58	4.962
95	59	5.789
95	60	12.41
95	61	8.271
95	62	11.58
95	63	14.89
95	64	10.75
95	65	8.271
95	66	4.135
95	68	14.17
95	69	6.617
95	70	34.74
95	71	43.83
95	72	38.05
95	73	7.444
95	74	21.5
95	75	7.501
95	76	1.654
95	78	2.481
95	81	1.654
95	84	5.789
95	88	1.654
95	90	2.481
95	105	8.271
96	74	9.925
96	75	0.827
96	78	1.654
96	80	0.827
96	81	2.481
96	105	1.654
96	108	7.444
96	109	7.444
97	1	128.2
97	16	171.2
97	29	42.18
97	47	43.01
97	71	43.01
97	74	9.925
97	75	1.673
97	77	2.481
97	80	0.827
97	84	1.654
97	85	1.654
97	87	1.654
97	89	0.827
97	105	4.962
97	107	0.827
98	22	345.3
98	40	179.5
98	48	179.5
98	58	180.3
98	71	172.9
98	74	52.93
98	75	34.91
98	76	14.06
98	77	14.06
98	78	12.54
98	79	1.654
98	80	1.654
98	84	12.41
98	93	13.23
98	100	7.463
98	105	38.87
99	1	3.308
99	5	0.827
99	6	4.174
99	8	2.481
99	10	4.135
99	11	4.135
99	12	3.308
99	13	4.135
99	15	4.135
99	16	4.962
99	18	1.654
99	19	2.481
99	20	0.827
99	23	0.846
99	24	4.212
99	25	5.866
99	26	0.827
99	28	0.827
99	29	0.846
99	30	4.135
99	31	2.481
99	32	2.481
99	33	4.193
99	34	5.02
99	35	7.501
99	36	4.135
99	37	12.46
99	38	0.827
99	39	3.308
99	40	0.827
99	41	0.827
99	42	4.135
99	43	1.654
99	44	12.41
99	45	5.789
99	46	0.827
99	47	0.827
99	49	0.827
99	51	3.308
99	53	0.827
99	55	2.519
99	61	0.827
99	62	1.654
99	63	2.481
99	64	1.654
99	65	1.654
99	68	3.308
99	69	5.039
99	71	1.654
99	72	1.654
99	74	2.481
99	75	0.827
99	78	1.654
99	79	0.827
99	84	0.827
99	105	2.481
99	109	2.481
